Order ID,Product Category,Customer Region,Payment Method,Order Status,Customer Age Group,Shipping Method,Product Type,Discount Applied,Sales Channel,Order Date,Order Total ($),Quantity Ordered,Shipping Cost ($),Discount Value ($),Order Processing Time (hrs)
041296dc-b243-484e-9f79-8aba71ed7af7,Furniture,North,Cash,Pending,45-54,Standard,Chair,No,In-store,2024-11-05,296.38,5,27.59,38.09,22
a09890e5-bcce-4530-97ef-613f10d8a242,Furniture,West,Credit Card,Shipped,45-54,Express,Laptop,Yes,In-store,2024-11-01,70.44,10,12.41,31.15,11
c2ef4c82-9389-4e54-8b22-bf45d344171c,Clothing,East,Cash,Pending,18-24,Same Day,Food Item,Yes,Online,2024-11-04,242.66,8,16.34,22.77,33
59332a5c-23b0-452f-800e-85384e0a0e7e,Clothing,South,PayPal,Shipped,25-34,Express,T-shirt,Yes,In-store,2024-11-04,155.6,1,40.75,41.21,12
4dcedcdc-cb03-457e-b1ca-908a164619ae,Clothing,North,PayPal,Shipped,45-54,Express,T-shirt,Yes,In-store,2024-11-02,387.4,4,15.37,34.77,27
e0629ff1-2169-4d4f-b123-81514537a7c0,Furniture,South,Cash,Pending,45-54,Same Day,Smartphone,Yes,In-store,2024-11-04,172.3,6,34.01,11.56,22
f20e0eee-183d-4086-8c25-ab707ef7c9b6,Furniture,West,PayPal,Pending,45-54,Express,Chair,No,In-store,2024-11-02,413.55,3,18.3,6.59,30
d82f245d-d3a1-4dfe-ae0c-ffdeb597f3a8,Clothing,East,Credit Card,Shipped,25-34,Same Day,T-shirt,No,In-store,2024-11-02,85.81,1,16.91,16.92,47
aaa9bfd7-83b6-47e1-be55-364218054f0c,Furniture,North,Credit Card,Shipped,25-34,Standard,Chair,No,In-store,2024-11-03,320.26,9,46.71,10.22,15
d312bf65-feb1-47ab-83de-76cbb1c6a757,Clothing,East,Credit Card,Completed,35-44,Same Day,Chair,No,Online,2024-11-04,273.97,6,19.47,46.54,46
71019a28-93fa-4878-bcab-7a3f40103091,Clothing,East,PayPal,Pending,35-44,Standard,Smartphone,Yes,Online,2024-11-05,293.66,9,7.77,33.32,37
8de7a26b-4e3b-4ecd-afeb-7083342c5565,Toys,South,Credit Card,Completed,18-24,Express,T-shirt,No,Online,2024-11-05,268.63,9,21.63,25.26,26
2ea1f974-9775-4527-9be5-cb4f69da57c4,Furniture,West,Cash,Shipped,18-24,Standard,Smartphone,Yes,Online,2024-11-03,417.88,10,46.34,44.43,24
a7408436-0d00-4567-9d46-99168ae6f591,Food,West,Credit Card,Pending,18-24,Standard,Food Item,No,In-store,2024-11-04,315.39,5,28.08,13.42,3
321dbdf6-d642-405d-bb80-e49aa1ce808c,Electronics,East,PayPal,Pending,18-24,Express,Smartphone,No,In-store,2024-11-04,100.47,10,47.56,37.37,24
f9f803b7-295d-4052-9cc0-5fcb6a352ef3,Toys,East,PayPal,Shipped,35-44,Same Day,Chair,Yes,Online,2024-11-01,498.31,6,46.83,28.36,32
917ccd11-39a5-43d2-ad14-851c9c3198c6,Toys,West,Credit Card,Pending,55+,Express,Food Item,No,Online,2024-11-05,409.09,10,14.35,0.27,23
fcb91a75-be8a-425a-8b78-29964e9c00ce,Toys,South,Credit Card,Shipped,25-34,Same Day,Laptop,No,Online,2024-11-03,435.22,3,15.8,35.07,18
850ed21f-12c6-4a5e-ad97-525b522164db,Furniture,South,PayPal,Shipped,18-24,Same Day,Food Item,No,Online,2024-11-01,15.47,1,43.74,8.25,4
7cb40e8c-d00b-497a-8313-431263c46bc4,Clothing,South,Credit Card,Pending,25-34,Standard,Food Item,Yes,In-store,2024-11-05,42.56,10,9.54,30.35,38
fb5fd70d-c4f7-44b8-adb5-3f1cdc8c542c,Furniture,South,Credit Card,Shipped,45-54,Same Day,Food Item,No,Online,2024-11-04,421.29,7,30.11,14.09,26
b5a16776-6c90-4e84-9a3b-d56ae4f54a15,Clothing,South,Cash,Pending,18-24,Same Day,Chair,No,In-store,2024-11-02,340.09,1,36.89,28.29,44
d773ebf4-87c9-4e4d-a62a-f6c7ed6f5c55,Furniture,South,Credit Card,Shipped,35-44,Standard,Food Item,No,In-store,2024-11-05,246.66,9,31.51,29.42,1
72027dea-fc36-4115-a658-80de242787d2,Toys,West,PayPal,Completed,35-44,Express,Chair,No,Online,2024-11-01,355.91,3,21.26,28.54,37
39edcbd1-b341-4396-9d51-245ac9fc9885,Toys,East,PayPal,Pending,18-24,Express,Chair,No,In-store,2024-11-04,186.45,10,25.83,41.1,7
ffe8ac5e-98ae-48c1-9dcd-d2d5a3b5af6f,Toys,South,Credit Card,Pending,55+,Same Day,Food Item,No,In-store,2024-11-01,285.41,5,13.47,19.99,42
665d06c5-b151-45de-8934-69d22f4242d4,Clothing,East,Credit Card,Completed,45-54,Express,Laptop,No,In-store,2024-11-02,267.02,1,17.86,1.91,21
6e1b19dc-224a-46ab-90d1-68c16fb91331,Furniture,West,Cash,Shipped,18-24,Express,Chair,Yes,Online,2024-11-02,48.9,9,30.55,41.18,19
24ac5bf0-895a-434e-813c-b9c4ed441ee0,Toys,East,PayPal,Pending,18-24,Standard,Chair,No,Online,2024-11-01,184.38,2,8.51,33.42,12
d68cf884-dfd6-4a55-b4df-c0980c694615,Furniture,West,PayPal,Pending,18-24,Standard,Food Item,No,Online,2024-11-02,481.01,8,28.93,16.42,20
cbb5b840-dc4d-48ae-8e8e-fb0f8f3214e1,Furniture,South,Cash,Pending,25-34,Standard,Food Item,No,Online,2024-11-05,188.06,1,5.93,8.43,18
a56878da-0862-491f-83f1-28c765c3a130,Furniture,South,Credit Card,Shipped,18-24,Express,T-shirt,Yes,In-store,2024-11-03,268.76,7,31.12,2.24,5
0ae27d9c-6e7e-4f4f-bc43-55410fb78849,Clothing,East,Cash,Shipped,25-34,Standard,Smartphone,Yes,Online,2024-11-03,417.66,9,34.57,1.51,19
ee7c6ef0-7655-4b5d-980b-a89e4dad2beb,Clothing,North,PayPal,Pending,55+,Express,Food Item,Yes,In-store,2024-11-01,170.32,1,38.96,28.24,8
e8075066-68e2-4773-b6f5-45c480d689d5,Clothing,North,Cash,Shipped,25-34,Same Day,Smartphone,Yes,Online,2024-11-02,327.27,1,35.96,48.83,19
c220536d-91bd-401c-9425-7cedf6d79d76,Clothing,South,Credit Card,Completed,45-54,Standard,Food Item,Yes,In-store,2024-11-02,41.51,7,24.56,28.13,7
deb55821-f2f6-4ff6-b3f5-302fc91cb185,Electronics,North,PayPal,Pending,18-24,Standard,T-shirt,No,In-store,2024-11-01,487.8,2,9.41,11.93,38
19d0c102-1714-410a-a0d1-5c52e6d86f06,Furniture,North,Credit Card,Shipped,45-54,Same Day,Food Item,No,Online,2024-11-04,52.5,3,34.08,14.49,3
c5377f01-9527-468f-887b-7c4cb5d2cb0f,Food,North,Credit Card,Shipped,18-24,Standard,Smartphone,No,In-store,2024-11-04,244.34,3,41.43,37.35,7
23e65b42-3788-44a5-8022-1210d91ac4b7,Toys,West,Cash,Completed,25-34,Same Day,T-shirt,No,In-store,2024-11-03,398.44,1,23.95,44.66,42
8572032e-5949-470d-b094-dd1c3a5909a7,Furniture,North,Credit Card,Shipped,55+,Same Day,Chair,No,In-store,2024-11-05,414.49,8,40.01,5.27,39
2c87feab-ff5a-46f9-8ad4-fdd14fc6a998,Food,West,PayPal,Shipped,55+,Standard,T-shirt,Yes,In-store,2024-11-01,447.73,8,24.12,15.16,23
4aafd7c7-d846-45c5-ad02-bf6ed8b923d7,Toys,South,PayPal,Completed,35-44,Same Day,Smartphone,No,Online,2024-11-01,433.17,10,48.59,12.73,33
a8c618bc-7c4b-46e2-a330-df2c2de11caf,Food,South,Credit Card,Shipped,25-34,Standard,Food Item,No,In-store,2024-11-03,31.37,8,31.05,46.16,34
3fc1dab0-f573-41d1-923f-66b253c382c5,Clothing,West,Cash,Completed,35-44,Same Day,Laptop,No,In-store,2024-11-02,175.86,1,6.88,11.38,37
9d02b4fa-cea9-4c76-9357-8966a879714c,Clothing,West,Credit Card,Pending,18-24,Standard,Smartphone,Yes,In-store,2024-11-03,403.58,6,26.87,35.59,47
84ac2611-b436-4c37-a60d-28add287f735,Electronics,East,Cash,Completed,55+,Express,Smartphone,Yes,Online,2024-11-05,411.52,1,9.11,38.14,43
8f76326e-e235-41d5-9a16-1d840644b20f,Electronics,South,PayPal,Pending,55+,Standard,Food Item,No,In-store,2024-11-04,184.03,6,27.43,20.59,45
f6382b39-f07b-476a-a24d-b4c1d09d0a3f,Food,West,PayPal,Pending,45-54,Same Day,Chair,No,Online,2024-11-02,471.13,8,20.14,33.67,37
c54b4bd5-bee7-4f62-a0d3-e178823f118f,Toys,East,Credit Card,Pending,35-44,Express,Laptop,No,Online,2024-11-03,462.37,9,35.83,5.56,16
39af7d28-c17b-42cb-96d0-a19e119b5c5f,Food,West,Credit Card,Pending,18-24,Standard,Smartphone,Yes,Online,2024-11-05,286.49,8,43.43,9.64,3
e0b7e8eb-7e08-4fe8-893d-56877a424963,Clothing,North,PayPal,Shipped,55+,Standard,Smartphone,No,In-store,2024-11-03,485.61,3,7.72,40.36,32
faf7503b-0c0f-4970-8485-bb858696f077,Clothing,East,Credit Card,Pending,55+,Same Day,T-shirt,Yes,Online,2024-11-02,225.67,6,43.7,48.85,22
76c0f5b2-373c-441e-a0c4-70073228fca0,Food,South,Cash,Pending,18-24,Express,Laptop,Yes,In-store,2024-11-02,105.61,3,7.82,47.62,3
70704b14-0555-4549-ab4c-f3147ce1c19b,Furniture,West,Credit Card,Pending,35-44,Standard,Food Item,No,In-store,2024-11-03,480.31,6,43.08,40.38,16
bf4989fa-458e-446a-a9c5-3866cdd501c9,Clothing,East,Cash,Pending,55+,Standard,Chair,Yes,Online,2024-11-01,142.82,6,16.39,3.91,37
165c7599-56a9-4146-a269-b7ca8d0e8b2c,Electronics,South,PayPal,Completed,35-44,Standard,T-shirt,No,In-store,2024-11-03,207.98,5,11.92,46.26,25
5b8be4d4-96e5-469d-8bbb-d20ccec10358,Toys,East,Credit Card,Pending,55+,Express,Laptop,No,Online,2024-11-05,442.06,1,12.53,18.86,2
c5958480-084c-4196-9f2f-e593084dbe79,Food,West,Credit Card,Completed,35-44,Same Day,Smartphone,Yes,Online,2024-11-02,485.21,7,11.05,17.66,16
33dc8939-5b98-4813-9dea-3966e293db91,Furniture,North,PayPal,Pending,55+,Express,Food Item,Yes,Online,2024-11-03,141.56,4,25.96,1.0,25
eda7ef67-b881-48d4-8d75-3fda2acba7d8,Food,South,Cash,Pending,18-24,Standard,Chair,No,Online,2024-11-02,403.69,10,27.86,33.27,20
ac80e093-50c7-466b-baef-41b2e876e5e9,Food,West,PayPal,Pending,35-44,Standard,T-shirt,Yes,In-store,2024-11-05,480.52,5,43.95,20.81,36
d88f4fb8-8813-48dc-8cd1-badb8c619cc7,Electronics,East,Credit Card,Pending,18-24,Express,Chair,Yes,Online,2024-11-03,329.35,5,10.78,16.27,24
3dcba18e-a5fa-422c-abb4-f28b4e933825,Clothing,North,Credit Card,Shipped,55+,Standard,Smartphone,Yes,In-store,2024-11-03,384.33,8,16.69,27.2,2
1df8a93e-38c7-42ed-aa19-31c62447a6c5,Furniture,North,PayPal,Pending,45-54,Same Day,T-shirt,Yes,Online,2024-11-04,48.7,8,14.5,33.71,31
7b7ad896-d9d1-489a-b374-2bbee5df762b,Electronics,South,Cash,Completed,25-34,Same Day,T-shirt,No,Online,2024-11-03,191.84,7,33.52,7.34,4
0a7afe18-7882-457b-9000-47539b74d47d,Toys,North,Credit Card,Completed,55+,Standard,T-shirt,Yes,In-store,2024-11-04,408.79,10,15.21,14.77,16
713a0aea-e290-4a72-afb1-649d3367b63e,Furniture,South,PayPal,Pending,25-34,Same Day,Chair,No,Online,2024-11-02,192.73,4,35.86,40.13,24
5b0dd61a-ce3c-4bb1-8012-2c4dcea8af53,Clothing,East,Cash,Pending,18-24,Express,Food Item,Yes,In-store,2024-11-03,396.43,8,35.34,19.46,21
6b5a023f-e646-423a-930e-9ddd21a17f66,Food,South,Credit Card,Completed,45-54,Express,Chair,Yes,In-store,2024-11-05,424.95,4,12.66,20.83,46
cc263f45-8a02-4a9e-9fac-8f3087b59415,Clothing,South,PayPal,Pending,35-44,Same Day,Food Item,Yes,Online,2024-11-01,120.95,5,10.79,35.61,28
7ddaf1ca-1059-47d7-a488-974afc87b3ed,Clothing,South,Cash,Completed,45-54,Same Day,Smartphone,Yes,In-store,2024-11-01,233.78,6,26.47,32.9,20
0f21be5c-04ef-48d3-8803-9dd0c45c6ebb,Toys,West,PayPal,Completed,55+,Same Day,T-shirt,Yes,Online,2024-11-03,246.16,8,7.7,21.79,1
4c60fe5b-5e91-4718-9a77-01fdb4ccc563,Clothing,West,Cash,Pending,25-34,Express,Food Item,No,Online,2024-11-01,138.35,2,34.93,5.65,39
0c3f36a4-adcc-4971-a3bb-248aa9c16548,Toys,South,Cash,Completed,45-54,Same Day,Laptop,Yes,In-store,2024-11-05,229.26,1,22.16,31.85,23
a095b93f-c4b8-4887-bbff-242b787e6c49,Furniture,North,Credit Card,Shipped,25-34,Express,Food Item,Yes,Online,2024-11-03,31.16,4,40.19,0.73,34
099964b6-a2e6-41b2-912a-70bc6f94cb9e,Electronics,South,Credit Card,Completed,25-34,Same Day,Chair,Yes,In-store,2024-11-05,92.8,4,44.93,2.32,11
212a57ef-bc7a-40b1-8282-7bfdd4d2ad36,Electronics,East,Cash,Pending,55+,Standard,Chair,No,Online,2024-11-03,21.21,5,13.36,39.06,32
15bd386e-d92c-48b0-b2a8-8960d7bae888,Furniture,West,PayPal,Completed,25-34,Express,Chair,No,In-store,2024-11-04,356.56,6,36.26,17.3,14
41134066-9cba-4bea-9d2f-21f304c79ef6,Electronics,North,PayPal,Pending,25-34,Standard,T-shirt,Yes,Online,2024-11-04,371.6,6,44.2,9.17,25
6cbe08c1-83b1-4a50-b3e3-3541dd7865ad,Electronics,North,PayPal,Shipped,18-24,Same Day,Chair,Yes,Online,2024-11-05,291.54,8,5.32,32.16,11
4933c1f2-a8ae-4dcc-a209-92e5703a216b,Clothing,South,Cash,Pending,18-24,Express,Food Item,No,In-store,2024-11-01,333.83,7,18.13,10.06,15
72c1cf75-7179-4ebd-b55d-af1935d2d443,Clothing,South,Cash,Pending,35-44,Same Day,Laptop,Yes,In-store,2024-11-02,59.4,8,38.12,46.3,40
d4bbd60a-f4fa-4860-a2cd-64916e7fdf93,Electronics,North,PayPal,Completed,18-24,Express,Laptop,No,Online,2024-11-03,91.58,5,12.69,39.92,46
b1be422d-743c-46af-8ef8-6c41285e1385,Food,West,Credit Card,Pending,55+,Same Day,Chair,No,Online,2024-11-03,337.89,6,42.16,39.51,4
686993e1-2323-43db-89d5-f1b78701ebcd,Electronics,North,Credit Card,Pending,55+,Same Day,Chair,Yes,Online,2024-11-03,32.5,5,14.68,36.45,45
f1fb4ff3-467b-4ca5-bee6-266f1bab19f2,Toys,South,Credit Card,Completed,18-24,Same Day,T-shirt,Yes,In-store,2024-11-01,319.05,1,23.59,14.08,12
da5f1f44-4960-45ce-8a56-82b721dd3cc0,Clothing,East,Credit Card,Completed,35-44,Express,Laptop,No,In-store,2024-11-04,184.14,5,32.92,23.4,5
8929d8b0-deb5-488e-9967-78d8a96d86a7,Toys,North,PayPal,Completed,45-54,Standard,Smartphone,Yes,In-store,2024-11-01,305.19,8,9.54,48.55,3
408818de-cc48-4b3b-aedc-0e40ff300723,Furniture,West,PayPal,Pending,55+,Express,T-shirt,Yes,In-store,2024-11-04,26.89,8,16.66,16.8,41
cd5d1e6b-a8c7-4044-bfda-304a6e6e4711,Electronics,South,PayPal,Shipped,18-24,Express,T-shirt,No,In-store,2024-11-04,248.24,2,30.99,44.61,48
6d903851-7215-4543-a2f2-ea647418f62b,Furniture,South,PayPal,Shipped,55+,Standard,Chair,No,Online,2024-11-02,495.91,2,12.54,6.89,41
1aa57469-b2a1-4428-b583-219bfe606c5d,Toys,North,Credit Card,Completed,35-44,Same Day,Chair,Yes,In-store,2024-11-03,462.37,1,34.31,13.66,15
ebf7de4b-6ca4-416b-962d-1b92a5d2a5b0,Clothing,South,Cash,Pending,55+,Express,T-shirt,Yes,In-store,2024-11-04,36.73,2,29.78,28.66,45
08f9b482-e80c-4252-bd49-93cdfd804fa5,Electronics,East,Credit Card,Shipped,18-24,Standard,T-shirt,No,Online,2024-11-02,472.13,10,47.98,46.35,37
985981bb-ea0d-4df2-a029-63ff90dec176,Toys,West,Credit Card,Pending,55+,Express,T-shirt,No,In-store,2024-11-04,463.42,1,24.42,39.77,46
d7723dbf-c294-4c32-88e5-a142c2534ce4,Food,South,Cash,Completed,45-54,Same Day,Laptop,No,Online,2024-11-04,467.25,8,36.37,13.94,33
7f6eaa84-23ff-43bb-acc7-1dc95677af29,Clothing,East,PayPal,Completed,18-24,Same Day,Smartphone,Yes,In-store,2024-11-05,450.98,8,27.76,12.39,37
e612b498-cadf-4394-8625-adb83b4f15b1,Electronics,South,Cash,Shipped,18-24,Express,Smartphone,Yes,Online,2024-11-01,357.77,5,39.92,18.31,18
d6930240-0145-46f7-a207-2d519cb5514b,Toys,North,Cash,Shipped,18-24,Standard,Chair,Yes,Online,2024-11-04,372.33,2,35.37,13.0,18
c7282ff1-91b1-409e-9560-d91cc5ef2308,Furniture,North,Cash,Shipped,55+,Same Day,Chair,No,In-store,2024-11-04,58.34,7,28.46,35.81,47
663fb49c-1d01-4406-9519-ebad90e58e63,Clothing,South,Cash,Completed,45-54,Express,Smartphone,Yes,Online,2024-11-05,91.21,9,39.5,49.8,16
94330af2-737c-4d55-9ef9-14f27b491502,Clothing,East,PayPal,Shipped,45-54,Same Day,Laptop,Yes,In-store,2024-11-05,212.2,5,22.99,17.08,9
51e68210-a7b4-4e4f-8e13-35fbe2c90e7f,Clothing,East,Cash,Completed,55+,Express,Food Item,No,In-store,2024-11-02,66.87,7,17.32,42.51,15
d608c54a-898f-4b2e-9a52-05f4a9a248ea,Clothing,South,Credit Card,Pending,35-44,Standard,Smartphone,Yes,Online,2024-11-05,339.06,5,5.31,21.56,6
8bc2755d-86e6-4176-85b4-2d3a369635a9,Furniture,North,PayPal,Completed,35-44,Same Day,Laptop,No,In-store,2024-11-03,39.81,9,9.92,2.7,2
04bbc0c5-c07f-4373-83f8-96367bac4d07,Food,East,PayPal,Pending,35-44,Same Day,Laptop,Yes,In-store,2024-11-03,323.67,8,21.55,45.39,25
740ad6f3-e119-4793-aa5a-a79d82afb32b,Toys,East,PayPal,Pending,55+,Express,Laptop,Yes,In-store,2024-11-02,120.64,7,49.71,20.69,12
3e640e21-86a9-4830-a5c5-07861b5ea110,Toys,South,PayPal,Completed,18-24,Standard,Chair,Yes,In-store,2024-11-05,211.74,8,11.42,46.48,35
ae5dcde1-c610-45b2-9866-b00394470cb3,Food,North,Credit Card,Completed,18-24,Same Day,Laptop,No,Online,2024-11-03,426.1,5,29.24,25.28,27
0e65cd54-18ec-459e-b2cc-71e1a90bada4,Toys,East,PayPal,Shipped,25-34,Express,T-shirt,No,In-store,2024-11-04,478.72,1,11.92,3.98,19
56e0aa54-e24d-41ae-bf0f-f2cd3ce80f3e,Furniture,West,Credit Card,Completed,55+,Same Day,Food Item,Yes,In-store,2024-11-02,129.92,7,39.24,2.93,25
799ab133-3621-40d6-bec6-c540bc4a505c,Food,East,Cash,Pending,55+,Same Day,T-shirt,No,In-store,2024-11-02,12.45,2,13.78,44.88,2
a8b5f60a-7d62-44d4-a010-5f62cc783e2b,Furniture,West,Cash,Completed,35-44,Same Day,Smartphone,No,Online,2024-11-04,492.19,8,25.5,29.19,42
5436e0c2-f6f2-466e-a2bd-2e8769c85c01,Food,West,Credit Card,Completed,45-54,Same Day,T-shirt,No,Online,2024-11-03,142.3,6,49.56,22.88,5
576fb500-f061-49c2-aada-6647319108f8,Clothing,South,Cash,Shipped,55+,Standard,Laptop,Yes,In-store,2024-11-04,135.12,7,29.33,33.76,31
9a03d85f-7184-47bf-945f-cfa5e9c19cfb,Electronics,South,Credit Card,Pending,55+,Same Day,Food Item,Yes,In-store,2024-11-05,294.8,8,45.4,13.34,15
6491cc21-7dee-448b-bdc2-e224d0fb9b0f,Furniture,East,Credit Card,Completed,35-44,Same Day,Food Item,Yes,Online,2024-11-01,40.51,10,11.88,42.68,5
08be73c9-07e5-4754-bc11-2b80ae2f8450,Clothing,East,PayPal,Pending,45-54,Express,Smartphone,No,Online,2024-11-05,342.64,2,15.46,20.51,39
f6e339d2-a9b7-479b-b6c2-4e809738cecb,Clothing,West,PayPal,Pending,25-34,Same Day,Laptop,Yes,Online,2024-11-05,173.77,1,33.87,11.47,13
4eb458c7-1428-4bd3-8050-edadd6885117,Electronics,East,Cash,Completed,45-54,Express,Laptop,No,Online,2024-11-04,271.04,6,42.52,42.52,20
9c01d5b5-107c-4b65-8ccb-dd87e7a1e603,Furniture,North,Credit Card,Shipped,25-34,Same Day,Food Item,Yes,Online,2024-11-02,182.56,4,24.88,10.64,10
a3b227df-75d1-47eb-a387-e2c0cb0f8af4,Furniture,North,Credit Card,Pending,25-34,Standard,Food Item,No,Online,2024-11-04,310.95,10,6.42,8.66,46
0a57fd59-6742-4ede-ad23-6650caec0e2d,Clothing,East,Credit Card,Shipped,25-34,Express,Smartphone,Yes,Online,2024-11-05,356.56,4,39.29,37.35,38
a93a4f37-8727-4084-a8d3-d09ad035fbca,Electronics,North,PayPal,Pending,45-54,Express,Food Item,Yes,In-store,2024-11-03,147.87,2,25.06,1.3,24
fbf95a7f-08d3-4929-8efa-4f571699d7c7,Food,South,Cash,Completed,35-44,Same Day,Smartphone,Yes,In-store,2024-11-01,368.29,3,44.38,23.96,13
ae4d1ca0-5411-48c6-a810-a62a1b28bfa3,Furniture,North,Credit Card,Shipped,55+,Same Day,Laptop,Yes,Online,2024-11-01,150.96,7,8.77,6.4,1
60485a4c-a829-4add-8b1b-6ec5e29549dc,Food,East,Cash,Shipped,18-24,Same Day,Laptop,No,Online,2024-11-04,313.36,5,19.52,18.8,26
28cf40df-8c48-4d7b-ab38-16144a1f5b5c,Clothing,West,Credit Card,Completed,35-44,Same Day,Food Item,No,In-store,2024-11-02,373.94,2,47.77,3.45,8
cd59bd9e-d17c-40e0-8f9f-846ecdba4a30,Furniture,South,Credit Card,Pending,18-24,Same Day,Laptop,No,Online,2024-11-05,63.65,9,9.86,8.61,21
a6a40468-9593-4518-b9d0-ce1ad4427a66,Food,East,Credit Card,Pending,55+,Standard,T-shirt,No,Online,2024-11-05,71.74,7,23.28,33.27,3
97b6bdba-bb60-4cce-afde-08210993dc76,Toys,North,PayPal,Shipped,35-44,Standard,Smartphone,No,In-store,2024-11-04,258.71,10,46.34,11.95,44
68e6e3dd-708b-4187-a14f-26db87ea6560,Electronics,South,Cash,Pending,18-24,Express,Laptop,No,Online,2024-11-02,110.75,9,29.09,43.06,6
00526e18-3b0c-4af5-8ee8-62ccb0da26ce,Toys,East,Credit Card,Shipped,25-34,Same Day,Food Item,No,Online,2024-11-02,490.51,9,23.73,29.74,13
2de83380-781b-411b-9104-f44fa85caab9,Food,South,Cash,Shipped,25-34,Same Day,Food Item,Yes,Online,2024-11-03,461.1,6,46.63,0.31,24
355f546d-cda5-4b6c-a216-094d804e5593,Food,North,Credit Card,Pending,55+,Express,Laptop,Yes,In-store,2024-11-05,196.01,6,26.47,31.74,45
7eb1cb6a-6c31-4b9b-8eb2-398eea645978,Toys,West,Credit Card,Shipped,45-54,Express,Food Item,Yes,Online,2024-11-05,114.53,5,19.92,14.97,41
e570521a-c4d2-4c94-9fc2-4d522b73ab93,Furniture,South,PayPal,Shipped,55+,Same Day,Food Item,No,Online,2024-11-03,359.44,4,32.86,38.65,29
18444ffb-83b0-432a-a72d-48ba2393205c,Electronics,South,PayPal,Shipped,35-44,Express,Smartphone,No,In-store,2024-11-03,484.84,2,41.51,14.37,9
f82b4601-a254-4a62-8e84-b4c07286c64b,Furniture,North,Credit Card,Completed,55+,Standard,Laptop,No,In-store,2024-11-01,39.56,8,12.71,18.22,11
fb59efd4-68a3-4908-8623-1106a5951d37,Toys,South,Cash,Pending,18-24,Standard,T-shirt,Yes,Online,2024-11-01,349.92,5,19.64,49.16,32
94d71b9c-ec61-40c8-9b3e-4ba6b70b0e49,Clothing,East,Cash,Completed,18-24,Standard,Smartphone,No,In-store,2024-11-05,69.59,7,30.31,26.39,32
8ac4f9b5-a3a7-4ad2-b15c-07949a736a20,Clothing,North,Credit Card,Pending,25-34,Standard,Laptop,No,In-store,2024-11-03,122.51,3,43.29,41.73,41
96a9a7d7-0319-4980-85db-ff3801de571b,Electronics,West,Cash,Pending,45-54,Standard,Chair,Yes,Online,2024-11-03,40.37,9,28.97,49.59,27
7443e33e-a78c-4b96-9e83-137c4ce8f6cb,Toys,South,Credit Card,Completed,18-24,Express,Chair,No,Online,2024-11-04,322.92,7,43.06,35.79,19
51a7d0e6-9061-497e-ba0b-d798efda9df9,Clothing,North,PayPal,Shipped,25-34,Same Day,Smartphone,No,Online,2024-11-04,18.2,5,38.74,29.86,5
0d086fa8-7807-4b4a-a196-faa6324ce6c6,Clothing,North,Cash,Pending,35-44,Same Day,Food Item,Yes,In-store,2024-11-01,118.4,1,20.84,18.37,22
955d68ff-fec0-4992-9211-dd7405538cbf,Electronics,South,PayPal,Shipped,35-44,Standard,Chair,No,Online,2024-11-04,218.3,5,28.2,37.58,43
7b7560f6-c4e2-4f88-b0a1-37b4b46fc267,Clothing,North,PayPal,Pending,18-24,Standard,Chair,No,Online,2024-11-04,209.65,4,45.89,7.29,36
194d9855-5ceb-40b9-99f0-b65623f01b2b,Electronics,South,Credit Card,Pending,35-44,Express,Laptop,Yes,Online,2024-11-02,403.77,7,26.24,47.09,37
d664fd25-dfc5-4ec7-8adc-8ef61a19b421,Food,South,PayPal,Completed,25-34,Express,T-shirt,Yes,In-store,2024-11-03,443.54,2,32.35,4.01,8
6860dfb6-197c-4d76-8d84-8c11f82abee1,Food,East,Cash,Shipped,55+,Same Day,Chair,No,Online,2024-11-03,376.57,8,13.15,22.1,34
0f49b471-9930-440c-8310-07d8f939bbd6,Food,West,Cash,Pending,45-54,Express,Laptop,No,Online,2024-11-02,103.56,8,32.07,11.77,22
4fe75ebd-8aec-4ece-a905-a3c763b97c7a,Toys,South,Cash,Pending,35-44,Same Day,Chair,Yes,Online,2024-11-03,203.7,6,25.25,34.28,34
d7ca67d0-74ca-40bc-b657-869262b10f87,Furniture,East,Credit Card,Completed,45-54,Standard,Laptop,Yes,Online,2024-11-05,216.93,2,22.95,20.78,36
ba62cab8-6a7d-4cd1-943d-df4e5db1bc8a,Furniture,North,Cash,Pending,18-24,Express,Laptop,Yes,Online,2024-11-03,415.62,8,25.85,40.58,46
2539804e-1399-49a7-9db1-7e25f6908fc6,Clothing,East,Credit Card,Completed,55+,Same Day,Chair,No,In-store,2024-11-02,201.41,10,25.25,3.44,25
23f13749-78b9-49fd-b1a3-5012013e5f69,Electronics,South,PayPal,Pending,18-24,Standard,Food Item,No,In-store,2024-11-02,304.32,3,17.25,36.72,5
24f37112-3451-4712-8db2-10f11c9c0303,Electronics,West,PayPal,Completed,55+,Express,T-shirt,Yes,In-store,2024-11-04,160.6,9,29.41,47.37,23
44a2d173-4fb3-4353-ab51-7036ec95cb7d,Toys,North,PayPal,Pending,25-34,Same Day,Smartphone,Yes,In-store,2024-11-02,158.71,6,32.28,28.53,25
55b8adea-c2d2-48ca-8d7f-cfebcaf7bbf7,Clothing,West,PayPal,Shipped,18-24,Same Day,T-shirt,Yes,Online,2024-11-04,208.32,8,48.61,45.34,34
8b0dd10a-7f26-41fc-a72e-9f4c8e75ba31,Toys,West,Cash,Pending,35-44,Express,Laptop,Yes,Online,2024-11-02,68.04,1,43.94,47.02,40
54636d9b-cacb-4020-9ef0-5c77e498c50d,Toys,West,Cash,Completed,45-54,Express,Chair,Yes,In-store,2024-11-01,149.03,1,25.91,44.49,43
3ba658af-6761-4498-be57-f0bb924c007c,Furniture,South,PayPal,Completed,25-34,Standard,Food Item,No,In-store,2024-11-02,383.26,9,24.35,2.38,38
755eb683-32fc-45f9-967b-20cd771f71e7,Clothing,North,Cash,Pending,18-24,Standard,Laptop,Yes,In-store,2024-11-02,424.48,8,26.53,32.63,45
2a6a3632-9af0-4fdd-a492-e57d3028c9aa,Furniture,North,PayPal,Shipped,25-34,Express,Chair,Yes,Online,2024-11-03,446.89,9,13.68,36.48,29
92d943ae-5df5-4a3f-b681-0b1c2029ac93,Toys,South,PayPal,Shipped,35-44,Standard,Food Item,Yes,In-store,2024-11-04,400.82,2,19.78,31.4,16
c174af49-05e5-4ef4-9823-13cc952844ad,Clothing,South,Credit Card,Pending,25-34,Express,Smartphone,No,In-store,2024-11-04,80.07,4,23.54,35.62,31
a31ea154-be2a-4941-a38b-c5221225bf95,Toys,East,Cash,Shipped,35-44,Express,Smartphone,No,Online,2024-11-03,36.72,8,39.9,18.87,13
9f58635c-73f6-4992-804f-d2d7be0976d9,Clothing,West,PayPal,Pending,25-34,Standard,Smartphone,Yes,In-store,2024-11-01,409.08,4,33.36,44.89,17
de97f669-ea10-4712-976d-50b89739fe5c,Food,West,Cash,Shipped,25-34,Express,T-shirt,No,Online,2024-11-03,464.26,4,20.64,21.11,10
c9db998f-c8e0-4953-90e8-f6e39cab09bf,Electronics,East,Cash,Pending,55+,Same Day,Smartphone,No,Online,2024-11-05,35.23,7,39.18,48.03,20
de0835b4-f8a2-4bd4-b972-dcd21d6e30c6,Food,East,PayPal,Completed,18-24,Same Day,Chair,Yes,In-store,2024-11-03,228.56,3,29.84,19.46,2
d338c25f-bb94-431e-9c57-f63749e1a56e,Electronics,East,PayPal,Shipped,35-44,Express,Smartphone,Yes,Online,2024-11-03,137.28,4,49.25,31.67,12
f0c0c731-14ab-4c81-a176-051a2a41f392,Clothing,North,Credit Card,Completed,35-44,Same Day,Smartphone,Yes,In-store,2024-11-01,390.85,8,42.65,29.52,43
f9a85061-47cc-4085-a1e1-492047ea2c5c,Electronics,West,Cash,Shipped,25-34,Standard,Laptop,No,In-store,2024-11-03,476.1,4,37.5,32.35,12
72755cf5-4415-404b-96da-568bdd9b2767,Furniture,South,PayPal,Pending,18-24,Express,Laptop,Yes,Online,2024-11-01,239.77,1,40.41,46.79,22
8150d8f1-7cac-4187-b2df-1df79953be56,Toys,West,Credit Card,Pending,45-54,Same Day,Chair,Yes,Online,2024-11-03,442.45,2,45.82,4.96,27
3c4db1c0-330a-4963-a7cf-2496897dda0c,Furniture,West,Credit Card,Completed,35-44,Express,Chair,No,In-store,2024-11-03,93.15,3,42.62,0.08,23
57db95d4-ed6b-4c5c-bcf3-ebe62081dea5,Food,North,PayPal,Shipped,55+,Same Day,Smartphone,No,Online,2024-11-05,135.91,8,17.88,2.95,32
4e28aa45-a6e9-4c23-8189-b94f425d70c1,Food,South,Cash,Pending,25-34,Same Day,Food Item,Yes,In-store,2024-11-01,131.17,4,27.94,41.48,29
a4a39ecb-f4d7-489e-98a2-8090597c5fa2,Electronics,North,Credit Card,Pending,45-54,Same Day,Food Item,Yes,In-store,2024-11-02,273.99,9,38.39,18.04,41
8e0cde0c-f699-420e-8496-93341f88ee4d,Food,West,PayPal,Shipped,18-24,Same Day,T-shirt,Yes,Online,2024-11-04,218.77,8,28.98,37.86,13
c384ca49-d48c-47bd-b325-071e9f4f18c7,Toys,East,PayPal,Shipped,45-54,Standard,Chair,No,In-store,2024-11-01,198.41,9,5.84,40.03,23
6b629044-386a-41e9-b3a7-4dfb8850975b,Furniture,South,PayPal,Completed,18-24,Express,Laptop,No,In-store,2024-11-04,198.8,3,19.41,11.65,27
1d25d988-f3e2-4947-a796-1c15cc8c90ee,Furniture,North,Cash,Pending,45-54,Express,Food Item,No,In-store,2024-11-01,237.35,1,32.95,15.53,18
75099e14-451f-46d0-9075-1a3c035be209,Toys,East,Cash,Pending,18-24,Same Day,Smartphone,No,Online,2024-11-05,106.79,9,14.27,13.32,44
fcd34df4-c038-450f-9ee6-d6cff0e9a9c0,Food,North,Credit Card,Pending,45-54,Same Day,Smartphone,No,Online,2024-11-01,65.85,7,34.53,39.57,8
bd0ed799-ff5c-4112-91d3-c00acaee4d4c,Toys,East,Cash,Pending,35-44,Same Day,T-shirt,No,Online,2024-11-04,103.8,4,43.6,33.27,20
e8bcc96e-f199-46f5-8191-d6a5f5d5e1b3,Electronics,North,PayPal,Completed,18-24,Same Day,Smartphone,No,Online,2024-11-01,220.47,5,11.32,4.84,17
6c688e5c-229a-4a59-8f10-2cde6e0b37c1,Food,West,Credit Card,Shipped,35-44,Express,Food Item,Yes,In-store,2024-11-01,113.69,5,5.65,8.4,14
210799e9-6ac1-4af8-8106-94ecd53508b1,Electronics,South,Cash,Shipped,25-34,Same Day,Food Item,No,Online,2024-11-02,383.24,1,49.91,10.74,35
cd2c57f2-b726-4235-921e-15e7630d4eab,Clothing,East,Cash,Pending,35-44,Same Day,Laptop,Yes,Online,2024-11-01,126.37,1,39.45,17.89,3
707ef2ad-a4b3-4698-a1ea-134a601c64df,Electronics,South,PayPal,Pending,35-44,Same Day,Smartphone,Yes,In-store,2024-11-02,100.51,6,32.9,20.81,36
8b826f60-e0ef-4012-9f3f-7745fe29f681,Toys,North,Credit Card,Completed,55+,Standard,Laptop,No,Online,2024-11-02,345.43,10,36.52,15.04,18
5db6225f-c5dc-48c9-a117-56e026b865d3,Furniture,West,PayPal,Completed,55+,Same Day,Chair,Yes,Online,2024-11-02,185.05,1,8.8,17.0,7
6d539f3b-d4c1-45cb-bf8d-687bb07d42eb,Food,West,PayPal,Pending,18-24,Express,Smartphone,Yes,Online,2024-11-03,430.91,2,40.61,9.48,4
6673ecab-7945-405f-8f5a-d0e8e37a0ee2,Furniture,West,Cash,Pending,45-54,Express,Laptop,Yes,Online,2024-11-05,164.84,5,32.95,27.35,4
5e795040-c939-4751-bdcf-6849a65e3f69,Electronics,West,Credit Card,Pending,18-24,Same Day,Food Item,Yes,In-store,2024-11-01,297.67,2,40.18,43.14,33
7a82af96-6a99-4ced-8ca3-9ca23253f1ee,Food,South,Credit Card,Pending,45-54,Same Day,Food Item,No,In-store,2024-11-01,137.47,5,41.74,39.89,11
378a113a-59e6-4bed-b523-6308a8d6ad6c,Electronics,North,PayPal,Shipped,25-34,Express,T-shirt,Yes,In-store,2024-11-01,324.99,3,47.63,25.21,13
df83c06c-3381-42da-a6df-f12cd1eeb2be,Clothing,West,Cash,Shipped,25-34,Express,Chair,Yes,Online,2024-11-05,149.4,8,37.19,29.92,47
1933d056-f5b5-46ff-a0be-11546f4c13de,Electronics,North,Credit Card,Shipped,35-44,Express,Smartphone,No,In-store,2024-11-04,134.84,5,29.42,20.33,7
5884d58f-d7c8-4848-9cac-5785ac0f9c00,Furniture,West,PayPal,Completed,18-24,Same Day,Chair,Yes,Online,2024-11-01,88.37,10,48.23,29.77,46
9cf810c2-7a24-45ba-bf52-094c7f59048f,Toys,North,Cash,Completed,18-24,Standard,Food Item,No,In-store,2024-11-05,49.58,7,18.57,26.48,44
fbb3ad67-4423-43a0-adc2-cc24a2739ea6,Electronics,East,Credit Card,Completed,18-24,Express,Food Item,Yes,Online,2024-11-05,440.06,4,6.42,1.44,40
675b0901-0ac5-409f-9c54-a9d5d96f01ad,Food,South,Cash,Pending,25-34,Standard,Laptop,No,Online,2024-11-03,96.0,3,22.19,6.71,3
2c3242c7-5369-40cc-b391-856756f5ded1,Toys,South,PayPal,Completed,55+,Standard,T-shirt,No,Online,2024-11-01,292.83,5,45.9,49.63,27
3b5dfbda-b367-4afd-9785-9f311bd55dd7,Electronics,South,PayPal,Completed,45-54,Standard,Chair,Yes,Online,2024-11-04,239.3,7,48.91,38.44,18
889ba123-f95b-4d74-8e17-fc24592510ce,Electronics,South,PayPal,Pending,45-54,Standard,Chair,Yes,Online,2024-11-05,261.76,10,38.12,37.21,21
ca6691ec-6a58-491f-a4f4-170fa2f8941b,Electronics,South,PayPal,Pending,45-54,Express,Laptop,No,Online,2024-11-04,404.14,2,37.59,47.35,18
5ecdd1a2-6bd1-468b-8e02-a983f3e00b34,Toys,North,PayPal,Shipped,18-24,Express,Laptop,No,In-store,2024-11-02,217.88,1,47.15,6.2,32
50c00626-438a-480c-aaa7-82d814274ce0,Toys,West,Cash,Completed,55+,Express,T-shirt,No,Online,2024-11-05,231.1,6,46.62,11.0,15
9272bd0f-d009-4999-836d-c8418233447d,Food,East,Credit Card,Completed,35-44,Express,T-shirt,No,Online,2024-11-05,108.25,5,35.8,24.02,23
2be7474e-7432-410b-ab01-40d8aa80b3f6,Toys,West,Cash,Pending,35-44,Same Day,Food Item,No,Online,2024-11-03,468.94,4,15.86,23.52,15
0d1a7d2b-d344-4f98-aa3d-07fab3c02d63,Furniture,West,Credit Card,Pending,25-34,Same Day,Laptop,Yes,Online,2024-11-02,210.12,2,21.0,13.84,41
fad4704c-a488-42fe-ad41-10dcc188fd03,Clothing,West,Cash,Completed,55+,Standard,Food Item,Yes,Online,2024-11-03,177.43,9,26.3,5.83,29
e80a2981-dc31-43d8-9ef2-ff264915dc7c,Clothing,East,Credit Card,Completed,35-44,Express,Food Item,Yes,In-store,2024-11-04,116.32,1,13.56,6.26,15
04ecfdd9-b62b-4307-a399-bfbf050d22f3,Furniture,South,PayPal,Pending,18-24,Standard,T-shirt,No,In-store,2024-11-01,44.64,3,9.72,18.7,12
d86f6557-7686-4a15-abd8-b14d87cec2c2,Electronics,East,PayPal,Completed,45-54,Same Day,Laptop,Yes,Online,2024-11-03,38.8,4,43.78,15.48,40
ac67b597-e278-49f8-981a-456174c6eaf6,Furniture,West,Credit Card,Shipped,45-54,Same Day,Food Item,No,In-store,2024-11-01,326.66,10,33.95,28.05,20
e09aacd6-7dc4-42c8-bac8-8c4ada994084,Furniture,South,Credit Card,Pending,25-34,Same Day,Laptop,No,Online,2024-11-01,198.6,1,38.22,12.42,20
f9595e7c-c80b-4420-9257-c49968414669,Clothing,East,Cash,Pending,25-34,Same Day,Chair,Yes,Online,2024-11-02,106.29,3,15.11,36.52,9
54e5f3ab-866a-4199-9067-98f97657c8d1,Electronics,North,Credit Card,Shipped,55+,Standard,T-shirt,Yes,Online,2024-11-05,210.0,7,9.25,36.38,37
79ac5f70-24e6-4201-990b-3d19f6b0360c,Furniture,South,PayPal,Pending,35-44,Standard,T-shirt,Yes,Online,2024-11-03,60.82,6,34.95,11.12,37
315026ba-dc19-4aa1-b2d3-a76a51740ddb,Furniture,South,Credit Card,Shipped,45-54,Express,Chair,Yes,Online,2024-11-05,85.25,2,8.44,49.22,32
34e121cc-8e5f-4572-8aa7-9300a8485d32,Toys,South,PayPal,Shipped,35-44,Express,Smartphone,No,Online,2024-11-04,350.81,1,17.17,29.4,20
7339a1c4-8062-4ec3-b283-a5dfd394cbfb,Furniture,East,Cash,Shipped,18-24,Express,Smartphone,Yes,Online,2024-11-02,285.08,9,14.91,47.5,27
47364678-335c-4ce4-8daa-91bcad7f426e,Toys,North,Cash,Shipped,55+,Standard,Chair,Yes,In-store,2024-11-05,430.5,5,18.25,34.47,11
b91772cf-a7c5-48ef-be68-aa71db5ed2a0,Food,North,Cash,Completed,25-34,Same Day,Chair,Yes,In-store,2024-11-04,24.85,10,32.8,30.12,45
ef3c3b2f-efc7-4f75-8a8d-43903a9695fc,Electronics,East,Cash,Shipped,45-54,Standard,Chair,No,Online,2024-11-04,73.89,7,45.04,25.28,26
14dbb924-c4e6-4635-b262-04ee4ea17bcc,Furniture,East,Cash,Completed,35-44,Standard,T-shirt,Yes,Online,2024-11-04,421.32,3,26.05,49.22,28
20185486-c7d7-4ddf-8dc2-d30ab10e97a9,Electronics,West,Cash,Completed,18-24,Express,T-shirt,Yes,In-store,2024-11-02,375.39,7,43.08,45.21,14
73ea6682-3bc4-4d42-a4f3-5e652f1c2014,Toys,South,Credit Card,Completed,45-54,Same Day,Smartphone,No,In-store,2024-11-04,281.85,9,20.02,38.1,21
61dd7e07-279c-4f82-b7c3-f5a8ae4ccdff,Furniture,North,PayPal,Completed,18-24,Same Day,T-shirt,Yes,In-store,2024-11-03,33.39,9,22.12,18.62,30
acde1d42-8814-4c47-a6c4-5b720573762c,Clothing,North,PayPal,Pending,18-24,Same Day,Laptop,Yes,Online,2024-11-02,281.04,8,20.78,31.33,17
99d321d0-e1e2-4d64-a4b4-9675c7ac25ad,Toys,North,PayPal,Shipped,45-54,Same Day,Food Item,Yes,Online,2024-11-05,475.85,1,23.63,32.41,33
dae5ab56-f7eb-4523-8f5f-2c7dd7f64823,Food,North,Credit Card,Shipped,55+,Standard,Laptop,Yes,Online,2024-11-01,376.34,9,16.41,28.7,40
d491eac4-5945-4c59-a2ac-61f8eafa89e8,Clothing,North,PayPal,Shipped,45-54,Standard,Chair,No,In-store,2024-11-02,246.42,4,46.43,18.34,12
9701a7d4-98e8-4327-89b6-07a3fbaa2a6a,Electronics,North,PayPal,Shipped,55+,Same Day,Laptop,No,Online,2024-11-05,52.03,2,30.9,44.35,17
dffb46f7-731e-4487-96a0-eae6862e5063,Toys,South,Credit Card,Pending,35-44,Same Day,Chair,No,Online,2024-11-01,393.72,1,37.14,40.01,29
99409b58-3518-4fe7-8e25-9d338405c972,Toys,South,PayPal,Pending,18-24,Standard,Chair,Yes,In-store,2024-11-02,173.98,10,18.16,18.26,39
a447891c-a2f6-4bb3-8c86-798a8a8dab71,Toys,North,PayPal,Shipped,25-34,Standard,T-shirt,No,In-store,2024-11-02,438.83,5,41.65,4.41,21
19dfadba-78c8-4d4d-89d2-eba81e29ac73,Toys,South,Credit Card,Pending,18-24,Standard,Chair,No,Online,2024-11-03,233.94,5,27.29,40.77,42
1b82a9e9-f801-4d3d-9b20-949844ef6f4d,Toys,North,PayPal,Pending,35-44,Express,Chair,No,Online,2024-11-05,467.38,8,44.92,20.98,9
ed973c2f-437d-417b-abc5-7d29354f4b5f,Toys,South,Credit Card,Completed,35-44,Express,T-shirt,No,In-store,2024-11-04,57.12,3,29.06,28.06,40
e82c0a9e-f515-459a-8dd2-9cd4a65c40c1,Furniture,North,Credit Card,Completed,45-54,Same Day,Smartphone,No,Online,2024-11-05,153.82,1,18.3,7.3,25
6ea38bbf-0c22-4fdd-abeb-1d66efe5698f,Furniture,West,Cash,Pending,35-44,Same Day,T-shirt,No,In-store,2024-11-05,292.75,8,7.61,29.56,20
06e0f5fb-11ea-49fb-beb3-fba4f1bef736,Electronics,North,Cash,Pending,55+,Express,Chair,Yes,Online,2024-11-05,458.35,10,7.29,5.47,42
9ce572c3-e51a-4224-b7a1-42fc961ebfab,Food,North,Credit Card,Pending,25-34,Standard,T-shirt,No,In-store,2024-11-03,178.93,5,11.38,24.69,27
91e6ef92-791f-46ab-8ebb-0472b109ccfd,Food,South,Credit Card,Pending,45-54,Express,Food Item,No,Online,2024-11-01,316.62,6,33.76,27.29,28
c407ff44-5038-4651-8042-72883c8b5a5b,Toys,South,PayPal,Pending,55+,Same Day,Laptop,Yes,In-store,2024-11-01,308.08,9,6.23,3.68,20
ef467036-9342-485a-9456-6a699911e59c,Furniture,West,Credit Card,Completed,25-34,Standard,T-shirt,Yes,In-store,2024-11-01,478.97,1,38.37,1.79,39
c417d208-2019-4306-aba5-5eb06f52db30,Food,West,Credit Card,Shipped,25-34,Express,Laptop,Yes,In-store,2024-11-03,159.67,8,29.06,46.8,2
b9559a18-c94a-41a2-a5fa-6f216a7e2bf9,Toys,East,PayPal,Pending,35-44,Standard,Food Item,Yes,Online,2024-11-02,147.59,6,38.9,49.77,41
8d706bdf-fb16-4ea0-8cca-44fea1e75ce2,Toys,East,Credit Card,Pending,45-54,Same Day,Smartphone,No,In-store,2024-11-02,53.65,6,31.94,3.57,43
b3ca6a06-1d40-45bb-9c92-1adfeb28f262,Clothing,East,Cash,Shipped,35-44,Standard,T-shirt,No,In-store,2024-11-04,192.34,7,31.89,33.54,13
ffe39d9c-ec6b-458b-b50f-48f4ab625664,Clothing,East,PayPal,Completed,35-44,Same Day,Chair,No,In-store,2024-11-03,97.5,2,39.02,28.46,2
259e5e05-6165-45aa-b87f-3060ee35cef9,Food,North,Credit Card,Shipped,35-44,Same Day,Laptop,No,In-store,2024-11-04,217.21,5,12.38,46.69,31
8aa95121-6d70-4e32-a3a8-6d60defd4d72,Furniture,East,Cash,Pending,45-54,Same Day,Smartphone,Yes,Online,2024-11-01,342.59,5,39.1,11.42,16
5506c657-4c1f-4d84-aa8c-1aff9d92fb33,Electronics,East,Credit Card,Shipped,25-34,Same Day,Food Item,No,In-store,2024-11-02,98.98,1,10.43,24.17,43
0f133041-123f-44ac-8d01-d49d91d73906,Food,West,Cash,Shipped,55+,Same Day,Chair,No,In-store,2024-11-03,300.84,5,47.64,32.35,16
573f5eb0-5036-4fb3-ae22-b4df4f26b7f9,Food,South,Cash,Shipped,55+,Same Day,Chair,No,Online,2024-11-05,176.46,6,23.19,0.88,39
86043d87-4857-4e33-b7f1-a031c91c5f8b,Food,South,Cash,Pending,18-24,Same Day,Chair,No,In-store,2024-11-05,365.4,2,5.6,8.69,18
0593735e-9734-40da-a443-1d4b61141b7d,Toys,South,Credit Card,Completed,25-34,Express,Chair,No,In-store,2024-11-03,407.72,5,35.87,32.54,9
4fe67a44-1599-4b99-8c12-fabb5bc53ee5,Furniture,North,Cash,Completed,55+,Standard,Smartphone,No,In-store,2024-11-04,184.58,1,34.29,46.36,27
901a4ce8-52b2-418f-bcab-19d3972f9843,Toys,West,Credit Card,Pending,35-44,Express,Chair,No,In-store,2024-11-02,158.4,7,30.09,14.33,31
4d1e4aac-ff92-4f2e-8cee-c425b8174a79,Electronics,West,Credit Card,Shipped,18-24,Express,Food Item,Yes,Online,2024-11-01,21.04,1,8.77,3.12,40
fb9bc99c-c3bf-4414-b209-7e9bc1f7c346,Toys,West,Cash,Completed,55+,Standard,Laptop,No,In-store,2024-11-03,92.4,7,15.14,5.35,23
7c9b642e-14f1-40f9-b527-ec2868fee87d,Clothing,East,Credit Card,Pending,45-54,Same Day,Smartphone,Yes,In-store,2024-11-05,114.51,9,7.22,11.73,18
1be2eda9-5eb8-451a-ac21-aab3d23b5700,Electronics,South,Cash,Shipped,35-44,Standard,Chair,Yes,Online,2024-11-01,309.19,10,38.33,35.39,16
f4f73a62-ba03-42d3-a556-2b3fc7d249d4,Toys,North,Credit Card,Pending,55+,Standard,T-shirt,No,Online,2024-11-05,478.66,2,5.66,36.67,18
2cd4a8c5-fe53-4e1f-8ec1-5096004b01f7,Toys,South,PayPal,Pending,25-34,Express,Chair,Yes,Online,2024-11-01,269.38,5,23.54,32.92,12
515b8c0b-0022-407a-865e-a6fa3a170ea3,Toys,North,Cash,Pending,25-34,Express,Food Item,No,Online,2024-11-03,220.31,8,14.01,10.91,14
35ba3a1c-352b-4af3-b565-0ed22654b704,Electronics,West,PayPal,Pending,45-54,Same Day,Chair,No,In-store,2024-11-02,202.67,2,33.59,31.2,37
66bfc584-5eca-44ac-960f-30756efb2436,Toys,West,PayPal,Shipped,18-24,Express,Laptop,Yes,Online,2024-11-01,415.01,4,5.06,21.2,37
91dbb1cd-fef0-448c-9a03-d751f9eeb75c,Electronics,North,PayPal,Completed,45-54,Same Day,Laptop,No,Online,2024-11-05,66.51,2,6.06,27.03,15
37e98a03-2872-4088-9d28-1d1187e88087,Toys,East,PayPal,Pending,45-54,Same Day,Chair,No,In-store,2024-11-02,369.01,10,21.45,31.17,30
39dfbc8c-5495-4a8c-9353-91e29fa94042,Food,South,PayPal,Shipped,35-44,Same Day,Food Item,No,Online,2024-11-05,98.72,4,20.82,46.49,36
c889840c-716e-47de-b0f4-3d51c4c7c6f8,Toys,North,Credit Card,Completed,35-44,Same Day,Smartphone,Yes,In-store,2024-11-05,427.55,6,28.54,41.54,1
994329c9-c963-4f7f-87c7-f55d6e5aa6e8,Toys,West,Credit Card,Completed,45-54,Express,Laptop,No,In-store,2024-11-01,214.45,5,32.94,25.62,37
bada13c4-e4f7-4f6f-a8a7-249646cc24dc,Furniture,South,Cash,Shipped,18-24,Standard,Chair,No,Online,2024-11-05,196.24,1,24.28,15.05,27
d59153f1-1b2a-4b7d-995b-05905a271789,Electronics,South,Credit Card,Shipped,25-34,Standard,T-shirt,No,Online,2024-11-05,185.1,8,25.67,31.64,30
61fac204-370f-40d1-800e-5b4db2e833d2,Electronics,East,Cash,Pending,35-44,Express,Food Item,Yes,Online,2024-11-02,398.86,9,46.44,4.59,5
47eac4ad-c46a-452f-a8e3-dede39619dca,Electronics,North,PayPal,Completed,45-54,Same Day,Smartphone,No,Online,2024-11-03,397.51,10,9.28,7.69,27
5ca88966-1117-41dd-bb28-942f56e53ceb,Toys,North,PayPal,Shipped,55+,Standard,Chair,No,In-store,2024-11-02,160.79,9,18.5,4.71,33
d53690d4-24f8-465d-b891-52041f660ecc,Furniture,South,Cash,Completed,35-44,Express,Chair,No,Online,2024-11-02,304.1,5,40.72,8.74,18
d8b85887-6c10-420f-988d-ab65b8970b7d,Furniture,South,Credit Card,Completed,55+,Same Day,Smartphone,No,In-store,2024-11-02,10.03,2,8.91,33.35,19
dd4a608d-aebc-4706-ab87-673613e05e83,Electronics,South,PayPal,Completed,55+,Express,Laptop,No,In-store,2024-11-04,126.57,9,29.57,48.55,43
fb6b7cde-aca2-41ae-8324-4b78707c4c17,Food,South,Cash,Pending,25-34,Express,T-shirt,No,Online,2024-11-01,467.36,10,10.67,15.97,43
d3cb885e-9bff-4933-bd66-5624540803dc,Clothing,East,PayPal,Shipped,45-54,Standard,T-shirt,Yes,Online,2024-11-03,236.14,9,29.66,8.22,19
3de6c4f0-9aac-40c6-9945-a576e8e777cc,Toys,West,Credit Card,Shipped,35-44,Express,Food Item,Yes,In-store,2024-11-05,30.1,6,19.54,45.47,46
23ecbdda-a750-410b-ba71-bd553cc0b52b,Toys,West,Credit Card,Pending,25-34,Express,Smartphone,Yes,Online,2024-11-05,239.49,5,37.19,29.78,46
9e89e220-0a30-410b-80b6-a6a84a28654a,Clothing,North,Cash,Shipped,55+,Same Day,Chair,No,Online,2024-11-02,82.7,6,32.45,30.13,1
de7bd13d-1732-411f-acc5-66c25552234f,Toys,West,Cash,Pending,18-24,Standard,Food Item,Yes,Online,2024-11-01,266.85,8,44.14,41.98,8
682c8022-704e-4f36-abad-49119849a1f8,Electronics,West,PayPal,Shipped,35-44,Standard,Smartphone,Yes,In-store,2024-11-05,447.1,5,42.71,46.67,4
a643897d-f44a-424e-9a29-aa07a7c160b0,Clothing,West,Cash,Pending,35-44,Standard,Smartphone,Yes,In-store,2024-11-02,337.26,3,37.11,31.68,15
230cbea7-dc32-4111-8697-354422b58917,Electronics,East,PayPal,Pending,55+,Standard,T-shirt,Yes,In-store,2024-11-01,286.89,7,8.55,3.85,5
9e6c09b6-fe11-4e0e-9ca8-151f12e9d721,Clothing,South,Credit Card,Completed,45-54,Same Day,Laptop,Yes,In-store,2024-11-04,425.2,2,49.66,26.3,42
70d64c3d-5ab9-4f94-b286-bfc56498b52a,Food,West,Credit Card,Pending,45-54,Standard,Smartphone,Yes,In-store,2024-11-05,91.8,7,12.27,13.14,22
6cf3178d-ef05-469b-849c-a36b87b9aa15,Clothing,North,PayPal,Completed,35-44,Express,Smartphone,Yes,Online,2024-11-04,144.93,10,15.99,21.94,31
d2d1e79b-b788-416c-996a-62542c4cdc07,Clothing,East,PayPal,Pending,25-34,Express,Laptop,No,In-store,2024-11-05,114.08,3,47.46,3.0,21
8a37d5ee-6b71-4363-a939-dcc6f0de224e,Food,South,Credit Card,Completed,35-44,Same Day,Chair,Yes,Online,2024-11-02,374.35,5,17.6,47.92,32
526dec53-ed3f-4047-ac82-b52789dc252f,Toys,North,PayPal,Completed,35-44,Same Day,T-shirt,Yes,In-store,2024-11-01,212.0,6,41.96,4.5,14
76b45f96-a0c4-4aba-814a-9296c784deb3,Electronics,West,PayPal,Pending,25-34,Express,Laptop,Yes,Online,2024-11-02,390.48,7,45.81,34.98,24
c1537aeb-1e2d-4d4b-abc0-b13973b45539,Food,South,Credit Card,Completed,25-34,Standard,Laptop,No,Online,2024-11-03,433.1,8,27.11,34.92,35
10dcbc3d-5c47-4efc-b697-0fdcb062c825,Furniture,West,Cash,Shipped,18-24,Same Day,T-shirt,Yes,Online,2024-11-01,161.76,4,34.21,35.98,17
4f943519-969f-451b-a83c-b27ef4c8cc1f,Furniture,South,Credit Card,Completed,45-54,Same Day,Laptop,No,Online,2024-11-05,341.76,6,21.33,34.28,1
de77b646-137c-4cc2-80b8-23518ccf1f25,Food,West,Cash,Completed,45-54,Standard,T-shirt,Yes,Online,2024-11-02,222.56,4,18.28,8.03,20
c5cdc78b-a026-444c-b4b4-0794748fe71c,Toys,West,Cash,Pending,25-34,Same Day,Chair,Yes,In-store,2024-11-01,261.04,7,47.63,29.72,30
b3fdb1ea-17b5-4238-8e10-1a8a1cea2a69,Food,West,Credit Card,Shipped,35-44,Express,T-shirt,Yes,In-store,2024-11-04,186.16,1,28.12,7.84,3
1ec7329b-9043-4f04-9482-013e55c6a64e,Furniture,West,Cash,Pending,45-54,Standard,Chair,No,In-store,2024-11-05,76.94,4,14.89,3.53,13
a3f3530e-0259-49dc-8bf8-cc7bf018972e,Clothing,East,PayPal,Shipped,35-44,Standard,Smartphone,Yes,Online,2024-11-05,43.8,10,24.86,39.59,8
a4255ea7-4d1d-4729-9958-3394ec0a410d,Clothing,West,PayPal,Completed,55+,Express,Food Item,No,Online,2024-11-01,153.31,10,19.87,15.73,24
cc4b2a4a-e141-4fa3-bb30-54dee47b1827,Electronics,West,Credit Card,Completed,55+,Standard,Laptop,Yes,Online,2024-11-02,244.56,5,47.3,34.18,30
c264de71-66b4-4f6b-8b41-82bcce227d4f,Electronics,South,Credit Card,Completed,25-34,Standard,T-shirt,Yes,In-store,2024-11-02,491.7,10,41.03,13.95,13
0524ad81-7d66-4190-9efe-d36e6b0f695a,Furniture,North,PayPal,Completed,35-44,Standard,Food Item,Yes,In-store,2024-11-01,43.83,3,8.42,44.29,16
39f945d8-b098-4694-bb1b-6a1f82d2526b,Toys,West,Credit Card,Shipped,55+,Standard,Chair,Yes,In-store,2024-11-01,373.16,6,43.51,9.16,19
3cfe75f1-fed8-40b2-bb8e-7b09b80b94fa,Toys,North,Credit Card,Pending,55+,Express,Laptop,No,Online,2024-11-01,43.12,4,11.02,23.82,39
d49633b0-513d-4593-8894-d73bfef21efc,Clothing,West,PayPal,Pending,18-24,Express,Smartphone,Yes,In-store,2024-11-02,193.17,9,29.27,1.72,9
2397d444-26ab-400f-a342-f1d566187a22,Electronics,South,PayPal,Pending,18-24,Express,Food Item,Yes,Online,2024-11-01,405.06,6,47.11,16.41,2
d2ddcaaf-208b-4905-8df1-d7d2ceac4d9c,Food,West,Cash,Completed,35-44,Express,Laptop,No,Online,2024-11-05,12.57,7,40.32,42.44,31
79c2cacb-d509-4e3a-8d21-23965ef09d14,Food,West,Credit Card,Pending,25-34,Standard,Laptop,No,In-store,2024-11-04,334.5,10,17.29,20.94,36
22b52116-8087-4245-b343-f775f89c3675,Furniture,North,Cash,Shipped,25-34,Same Day,Smartphone,No,Online,2024-11-04,481.01,10,38.04,12.55,37
60bd3379-d2c0-481b-b34f-1fbc76a97c54,Clothing,East,PayPal,Completed,18-24,Standard,Chair,No,In-store,2024-11-04,366.32,10,43.4,47.05,33
80245b02-a35f-4d68-9685-922d67afa390,Furniture,South,Credit Card,Completed,35-44,Standard,Laptop,Yes,Online,2024-11-04,293.22,7,49.64,35.32,4
ff5e1b1a-45c6-4ed6-9eae-d1259dd13464,Food,West,Cash,Shipped,35-44,Express,Food Item,Yes,Online,2024-11-03,319.42,9,5.98,30.33,19
d957c5b2-dd89-458f-b025-6e81c5de28a9,Furniture,South,PayPal,Completed,45-54,Same Day,Laptop,No,In-store,2024-11-03,466.77,9,16.59,28.3,26
e6497335-9db6-4ca9-8550-97b0a62e7326,Electronics,West,Credit Card,Pending,55+,Standard,Food Item,Yes,In-store,2024-11-01,108.64,2,13.74,11.97,41
844d9d34-0b5c-4e2f-b450-b3eb5f85219f,Toys,South,Cash,Pending,45-54,Express,Smartphone,Yes,In-store,2024-11-02,381.68,3,15.11,28.31,43
d0c528ba-bc86-4ff5-9e32-66a2d0a1016f,Clothing,South,Credit Card,Pending,18-24,Standard,T-shirt,Yes,Online,2024-11-03,236.76,6,45.65,34.98,3
3a394c0f-972c-457c-991f-318c381e0c69,Clothing,West,Credit Card,Pending,55+,Same Day,Chair,No,Online,2024-11-03,402.62,1,48.13,33.74,9
62ad5d0d-6b0a-4b94-8691-6b9db0ef4d13,Toys,North,PayPal,Completed,45-54,Same Day,Chair,Yes,In-store,2024-11-01,214.68,10,20.7,47.44,12
7fafa336-0860-42b1-9f9d-fa81e67bfda6,Food,South,Cash,Shipped,45-54,Standard,Smartphone,No,Online,2024-11-04,233.83,3,28.92,19.92,14
c9f0bfd6-eb81-46b0-835f-18d3cccb03d2,Furniture,North,Cash,Shipped,45-54,Standard,T-shirt,Yes,Online,2024-11-01,424.19,6,47.44,26.13,21
1e2b80a1-bc4d-4030-b266-d47af4ee46e0,Electronics,East,Cash,Shipped,18-24,Express,Chair,No,Online,2024-11-01,295.66,1,40.75,16.55,48
b9dbeab6-2549-4712-a7b1-29ac9603a13a,Clothing,South,Cash,Pending,18-24,Standard,Laptop,No,Online,2024-11-05,74.13,8,43.21,0.43,2
9bc4fbc0-bbd2-425c-bb6f-4ca06c95659c,Electronics,West,PayPal,Pending,35-44,Standard,Chair,No,Online,2024-11-02,67.29,10,10.82,1.73,45
2f0fd049-ae18-4cba-a1a1-a9eebbcf904d,Clothing,North,Cash,Pending,55+,Standard,Smartphone,Yes,Online,2024-11-03,150.05,2,30.38,8.81,24
c1b10463-3959-4d97-93ae-68daa639272a,Electronics,East,Cash,Completed,25-34,Express,Smartphone,No,In-store,2024-11-03,268.79,1,8.76,19.33,21
a926b97d-284b-456f-9ec4-a99a6201b7c7,Furniture,North,PayPal,Shipped,55+,Same Day,Chair,No,In-store,2024-11-05,398.03,2,28.27,43.29,34
380216b4-79f5-4143-b2f1-52df90036b57,Food,East,PayPal,Shipped,18-24,Same Day,T-shirt,Yes,Online,2024-11-04,80.97,8,17.19,6.57,6
ca468df9-ca41-48f7-805d-db84d19fec9b,Clothing,West,PayPal,Pending,35-44,Standard,Food Item,No,In-store,2024-11-04,157.45,1,34.16,26.99,16
a91f6d24-7dff-4386-8473-59f6e680a5f2,Toys,East,Credit Card,Shipped,55+,Same Day,Chair,Yes,In-store,2024-11-03,225.25,3,18.98,29.79,37
c9d662a4-41f9-463a-81a5-2f4063068f71,Clothing,West,Cash,Shipped,35-44,Express,T-shirt,No,Online,2024-11-03,297.79,5,5.29,44.82,46
84a3d7c1-26ab-42dc-b5a1-75012557afa2,Clothing,East,Credit Card,Completed,45-54,Same Day,Smartphone,Yes,In-store,2024-11-05,194.47,5,43.38,30.09,43
4da5e649-4ba9-4e84-ba32-18b5fe75ea68,Furniture,South,Cash,Completed,25-34,Same Day,Smartphone,No,Online,2024-11-02,256.22,5,35.92,49.33,43
c771cf1d-894f-4b62-9b18-d4676d6c3130,Toys,South,Cash,Pending,25-34,Standard,Smartphone,No,Online,2024-11-05,248.91,4,26.15,20.79,40
8fe0938f-d144-41c4-b8a0-92bb91caffe5,Clothing,South,Credit Card,Pending,35-44,Standard,Laptop,No,Online,2024-11-01,450.23,6,17.84,0.74,34
875ed252-bf82-4451-8ebe-d9aa970ac793,Furniture,South,Cash,Completed,35-44,Same Day,Laptop,No,Online,2024-11-04,252.89,9,36.52,31.85,28
90011965-7aea-4df8-9142-0ecabd5ec45e,Electronics,North,Credit Card,Shipped,55+,Express,Chair,Yes,In-store,2024-11-04,450.94,5,23.76,17.1,42
28cfd2ea-9b64-4663-b20c-cc460a6a1c32,Toys,North,PayPal,Completed,18-24,Express,T-shirt,Yes,In-store,2024-11-01,30.57,5,6.48,44.74,20
716e964c-8174-4183-a5fd-73ae66d868c9,Electronics,East,Cash,Completed,55+,Express,Food Item,Yes,In-store,2024-11-04,363.57,10,47.6,22.06,6
7967a91c-ff9f-4851-9b8b-173902ee5d60,Food,South,Credit Card,Completed,18-24,Same Day,Laptop,No,Online,2024-11-03,418.49,10,29.77,40.33,15
a9365beb-f15d-4c5c-a344-9cca443b2fbb,Toys,North,PayPal,Shipped,45-54,Same Day,Food Item,Yes,Online,2024-11-01,264.53,9,14.48,22.54,23
4e4f8873-0dc0-4846-bc9a-e000a023b578,Clothing,South,Cash,Pending,25-34,Express,Chair,No,In-store,2024-11-03,137.12,9,35.32,41.94,44
de503b04-b5ad-470f-b252-532ded12e249,Clothing,West,Cash,Shipped,45-54,Express,Food Item,No,Online,2024-11-05,49.01,6,45.24,44.67,29
f66e1a80-9224-47b7-881c-1189c82558c8,Electronics,North,Cash,Completed,55+,Standard,Laptop,No,In-store,2024-11-01,442.51,2,17.16,23.54,28
71b66c1c-8fbc-4f4d-bb0c-c30402eb3cc9,Electronics,East,PayPal,Completed,18-24,Express,Food Item,No,Online,2024-11-03,11.59,8,7.15,5.31,36
b6f90643-fea3-45d5-8644-ff3ab9911472,Food,North,Cash,Pending,35-44,Same Day,T-shirt,No,In-store,2024-11-05,398.94,4,39.35,4.99,31
b3cec175-392c-407d-a063-7a49bc9fb66c,Furniture,North,PayPal,Shipped,25-34,Express,Smartphone,Yes,In-store,2024-11-02,334.52,10,20.33,38.97,7
fef69012-78ad-4515-bfca-e164838961c5,Furniture,West,Credit Card,Shipped,55+,Same Day,Chair,Yes,Online,2024-11-02,129.92,10,23.7,47.9,3
f0236483-8284-42fc-b7b1-0af2936f0d3b,Toys,West,PayPal,Pending,25-34,Standard,Smartphone,Yes,Online,2024-11-04,132.35,7,27.35,10.35,1
5d700360-10a0-4d4e-8f19-e8e9e4824a11,Furniture,East,Credit Card,Pending,18-24,Standard,Food Item,No,Online,2024-11-01,388.91,8,20.18,26.38,11
b53493d8-be1b-42bc-a61a-d66155e87c63,Furniture,South,Credit Card,Completed,45-54,Same Day,T-shirt,Yes,In-store,2024-11-05,51.94,5,22.45,46.09,9
aef08691-061c-45d7-b1be-f82a5db656cb,Electronics,North,Cash,Shipped,45-54,Express,Chair,No,Online,2024-11-01,495.93,6,12.31,25.33,22
8623663d-114b-4e50-9285-742956802480,Electronics,East,Credit Card,Pending,35-44,Standard,T-shirt,No,In-store,2024-11-05,31.89,3,30.16,40.76,6
4ef0897e-99b7-4c30-928d-45c06eeb7f75,Clothing,North,PayPal,Completed,45-54,Same Day,Smartphone,No,In-store,2024-11-04,182.02,4,21.93,30.98,1
31b5097d-1c7d-4bf7-a97d-2cbcaf67efbf,Electronics,South,PayPal,Shipped,35-44,Same Day,Food Item,Yes,In-store,2024-11-03,274.25,5,19.59,11.25,22
2ebabdc3-8b0c-4138-babc-28a1ed97d064,Clothing,West,Cash,Completed,25-34,Same Day,Smartphone,Yes,In-store,2024-11-05,70.68,1,42.94,5.81,48
a1689823-c521-4dfd-b8f7-c590e4514893,Electronics,North,Cash,Pending,45-54,Standard,Chair,Yes,Online,2024-11-05,93.95,7,28.55,14.27,3
53c444c6-1845-493f-9b7e-b181c03991e6,Clothing,South,Cash,Pending,18-24,Standard,Food Item,No,Online,2024-11-05,255.81,3,33.99,30.6,46
9eab9f6f-a630-4c58-84cf-971b8d45aab2,Food,South,PayPal,Completed,35-44,Standard,Chair,Yes,In-store,2024-11-04,421.64,8,11.64,24.55,37
41ff4a31-c1c1-45b9-a3c4-741b7bde67a2,Electronics,West,Cash,Completed,45-54,Same Day,Smartphone,No,Online,2024-11-05,333.02,5,43.01,20.77,17
94408230-175a-4dc8-9181-459dfb7c30a3,Toys,South,Credit Card,Completed,45-54,Express,Chair,Yes,In-store,2024-11-04,374.57,5,46.82,21.68,42
c9dfec5d-c6cf-4692-9aa1-123fa02c44fc,Clothing,South,PayPal,Completed,25-34,Express,T-shirt,No,In-store,2024-11-03,174.39,10,47.28,24.2,26
550cc576-fbe9-43e1-a4df-cc91a4cf7917,Electronics,North,Cash,Completed,18-24,Express,Smartphone,No,In-store,2024-11-01,391.31,10,6.38,38.22,14
ce150a87-b5d1-42e4-b967-8d60fd32ab35,Furniture,North,Credit Card,Pending,35-44,Express,Laptop,Yes,In-store,2024-11-01,457.82,5,6.88,49.84,8
b0fdc87c-59b6-45a9-8e6e-412d98fcfede,Clothing,West,Cash,Pending,35-44,Same Day,Food Item,Yes,In-store,2024-11-01,355.45,7,30.51,14.71,42
74f678bf-88fc-414d-82c4-03085d1f2ca0,Food,South,PayPal,Pending,25-34,Standard,Smartphone,Yes,Online,2024-11-05,155.67,3,12.14,26.78,10
46ffc84b-d4b8-4d91-bb62-0520f318360e,Toys,North,Credit Card,Pending,25-34,Same Day,Food Item,Yes,Online,2024-11-02,120.55,2,48.48,3.46,43
670c0561-40f9-42d6-b518-d3b7186e7852,Toys,East,Credit Card,Pending,55+,Same Day,Chair,Yes,In-store,2024-11-01,398.3,7,47.85,17.89,3
f3f3c0aa-65f4-4c45-936e-fe1fc5560e4d,Furniture,East,Credit Card,Shipped,18-24,Same Day,Smartphone,Yes,Online,2024-11-05,15.58,9,18.1,46.5,5
c3782491-1437-4a8c-9f01-0bca27184637,Furniture,West,Cash,Pending,35-44,Same Day,Smartphone,Yes,In-store,2024-11-05,263.02,6,16.0,49.8,12
8c6c364d-9971-4321-9173-42685eb2ec86,Furniture,West,Cash,Pending,35-44,Express,T-shirt,No,Online,2024-11-02,428.05,9,17.12,15.64,12
6b78154c-b920-4a2a-90b6-77af63bb7976,Furniture,North,Cash,Completed,18-24,Express,Food Item,No,In-store,2024-11-04,290.39,3,11.76,3.13,24
5e7d5aa3-947c-4401-b506-62fb7ccda8dc,Toys,West,PayPal,Shipped,55+,Express,Food Item,No,Online,2024-11-01,107.83,10,32.91,45.14,20
974302cb-8146-4653-8ef3-dca7f4c44da4,Food,West,Cash,Shipped,55+,Express,Food Item,No,In-store,2024-11-05,147.9,1,47.0,19.06,48
e998cf2e-ab17-4604-ad05-bd63c09d9e18,Food,North,Cash,Completed,25-34,Same Day,Chair,No,Online,2024-11-03,425.27,6,13.83,46.11,19
cbf349bb-5bce-4269-b723-5cced764b80c,Furniture,West,Credit Card,Completed,18-24,Same Day,Chair,Yes,Online,2024-11-03,33.97,7,8.71,6.25,24
1271068d-36ca-4b1e-a828-0598c4c2147a,Toys,South,PayPal,Pending,45-54,Standard,Laptop,No,Online,2024-11-04,445.49,1,22.52,20.38,34
5a7176e4-4a02-4950-9b5e-a06f9fd2fb18,Toys,South,Credit Card,Shipped,18-24,Standard,Food Item,No,In-store,2024-11-03,51.39,2,32.54,38.59,10
7280063c-f473-40e5-89a6-1f8d3b8d08e5,Electronics,West,PayPal,Completed,25-34,Standard,T-shirt,No,In-store,2024-11-04,233.67,2,5.15,18.02,26
519ab3bd-7de2-4c8f-8e22-9de4f3730680,Toys,East,Cash,Shipped,45-54,Express,T-shirt,Yes,In-store,2024-11-01,126.72,6,45.74,31.15,7
a83d6bb8-1c8e-4de2-904a-55beb877240f,Food,East,Cash,Completed,35-44,Express,Food Item,Yes,In-store,2024-11-03,86.12,7,8.8,6.68,36
3919955f-62a2-4728-8369-b028cd1c1cef,Furniture,East,Cash,Completed,18-24,Same Day,T-shirt,No,Online,2024-11-05,284.14,10,46.31,12.75,1
346d6aa5-87c4-4d3a-b0cb-de9a3812995b,Food,East,PayPal,Shipped,25-34,Standard,Laptop,No,Online,2024-11-03,87.5,7,5.89,33.7,13
6d13e47a-1fac-4a5b-a4e7-67544e805e56,Toys,West,Cash,Shipped,45-54,Express,Laptop,Yes,In-store,2024-11-05,63.81,3,14.9,23.04,30
d612b18d-7298-4554-b8e8-0c4a0bdfbc48,Electronics,North,Cash,Shipped,25-34,Standard,Chair,Yes,In-store,2024-11-04,350.99,8,20.38,44.36,37
44202fe1-a12a-4384-9d68-51424ca43c1d,Furniture,East,Cash,Pending,18-24,Same Day,T-shirt,No,Online,2024-11-01,463.06,5,36.81,5.59,19
05a7e196-086c-42bc-945d-4879efc73633,Electronics,South,Cash,Pending,35-44,Express,Smartphone,Yes,Online,2024-11-01,18.78,5,42.29,21.39,8
522ed357-d7dd-4603-9546-bac7c66be95f,Furniture,West,PayPal,Pending,55+,Express,T-shirt,No,In-store,2024-11-05,126.42,2,9.26,34.95,2
7c4dab14-2b98-4105-b5d1-c2e4ac45b1e1,Food,West,PayPal,Completed,18-24,Express,Chair,Yes,Online,2024-11-03,193.09,8,24.06,3.88,45
a81d1180-409e-4d85-a688-4baf6e72fb6b,Electronics,North,Cash,Pending,35-44,Same Day,Chair,No,Online,2024-11-04,26.79,6,8.73,3.37,26
e3f17234-c669-45ba-b620-d23931f90cdb,Toys,East,PayPal,Completed,55+,Express,Smartphone,Yes,In-store,2024-11-05,366.78,2,8.8,13.21,1
40d30ffa-7ff6-49f7-bab4-0b40aef0a0ec,Food,East,Credit Card,Shipped,35-44,Standard,Food Item,No,Online,2024-11-04,172.37,1,10.27,45.54,15
2008e0be-307f-42af-98b6-a8eac2c1c912,Furniture,South,Credit Card,Shipped,35-44,Standard,Laptop,No,Online,2024-11-03,17.7,10,15.63,38.02,3
d7796bd3-6ea9-40ad-a534-6ba9eacf3565,Toys,North,Credit Card,Shipped,55+,Standard,Laptop,No,In-store,2024-11-03,333.98,10,36.08,45.04,29
8ff00bf1-e19f-4c8d-ba98-1590f7b09f97,Furniture,North,Credit Card,Pending,35-44,Standard,Laptop,Yes,In-store,2024-11-01,346.95,1,48.13,20.52,2
3a87c700-d153-4bcc-84c5-202652b40559,Food,North,Cash,Pending,25-34,Standard,Laptop,No,In-store,2024-11-03,166.65,2,20.87,16.59,16
f2a369d9-37f4-41de-bd86-452f08bb351a,Electronics,North,PayPal,Shipped,55+,Express,T-shirt,No,Online,2024-11-05,284.11,2,26.32,34.28,48
11b5d549-befc-4a98-a7c8-9dc29688f35f,Electronics,East,PayPal,Pending,35-44,Express,T-shirt,Yes,Online,2024-11-04,403.07,1,19.07,3.31,16
5c93083e-4d07-46db-b4bf-92e594aa5578,Toys,West,PayPal,Shipped,45-54,Standard,Smartphone,No,In-store,2024-11-04,492.69,6,40.49,8.03,13
0c0ace79-c99f-438c-8e1e-9aeb8320906a,Electronics,North,Credit Card,Shipped,55+,Standard,Smartphone,No,Online,2024-11-04,408.2,3,14.3,2.1,9
38a69e7c-df79-43f4-88f8-933915636960,Electronics,South,Cash,Pending,25-34,Standard,T-shirt,No,In-store,2024-11-05,311.05,5,15.59,19.57,14
6ab77b50-9992-4f10-b4f2-efe07b2f7400,Furniture,North,PayPal,Pending,45-54,Same Day,Laptop,Yes,In-store,2024-11-05,447.86,2,35.94,40.16,4
3435b376-e987-4d97-a2c1-4805f30ff746,Furniture,South,Credit Card,Completed,45-54,Same Day,Chair,No,In-store,2024-11-01,287.34,3,26.78,6.54,4
6dbe0450-4ae6-47bd-8b54-817b2df6df82,Food,East,Credit Card,Pending,25-34,Express,Smartphone,No,In-store,2024-11-04,148.36,1,40.94,2.0,18
d4ca5b34-6aae-4d7b-a941-a931812cd4b6,Food,East,Cash,Shipped,25-34,Express,T-shirt,No,Online,2024-11-04,27.75,9,28.85,49.36,26
f00c02ae-cbfd-40be-ae5c-ee592242b028,Clothing,West,Credit Card,Completed,25-34,Same Day,Chair,Yes,In-store,2024-11-01,217.62,1,11.13,23.29,42
260df190-c46d-40ba-8ef0-b8d82aec5779,Toys,South,PayPal,Pending,35-44,Express,T-shirt,Yes,In-store,2024-11-01,216.66,6,31.66,49.13,23
ebb3c58e-2b70-4dd7-8417-93c9b45316a5,Electronics,North,Cash,Completed,25-34,Same Day,Chair,Yes,Online,2024-11-03,164.66,6,20.96,8.15,13
da1ea899-e216-485f-a912-690c7a476de8,Clothing,North,Credit Card,Pending,18-24,Express,T-shirt,No,Online,2024-11-05,240.94,1,12.16,16.55,30
a4f4d8af-b5c1-4bb9-9ffd-2051e09883e8,Food,North,PayPal,Shipped,45-54,Same Day,Smartphone,No,Online,2024-11-05,444.11,1,38.29,9.52,39
a07f5091-82c9-4d4d-beb4-ab4d2a1a13e0,Clothing,North,PayPal,Completed,45-54,Standard,T-shirt,Yes,Online,2024-11-01,299.62,6,48.08,19.26,12
91f4ca72-0dfd-4ea2-9283-a6a310d9676c,Food,West,Credit Card,Shipped,25-34,Express,T-shirt,No,Online,2024-11-02,174.67,10,43.31,41.51,29
8a22671f-fa7a-4c52-82d2-d25c73e0beeb,Food,South,PayPal,Completed,55+,Express,Food Item,No,In-store,2024-11-03,336.49,1,24.27,26.93,33
122aa999-21c6-4e67-85ee-07278e0304d1,Food,East,PayPal,Pending,18-24,Standard,Laptop,No,In-store,2024-11-05,153.28,3,17.76,31.79,35
178f0593-20b2-45e3-a80b-106064d8b332,Toys,North,PayPal,Pending,25-34,Same Day,Smartphone,Yes,Online,2024-11-01,472.47,10,41.1,6.61,45
64f23b61-562e-4169-aced-ca56dd59b388,Toys,North,Cash,Shipped,35-44,Same Day,Food Item,No,Online,2024-11-03,366.92,4,24.72,31.47,25
9a2c027a-7be6-438e-acd0-4161098142c6,Toys,South,PayPal,Pending,35-44,Express,T-shirt,No,In-store,2024-11-02,319.02,10,20.1,12.39,19
56bf8142-34f5-4cc8-bd45-1e09d1ec47b4,Furniture,South,PayPal,Completed,45-54,Express,Smartphone,Yes,In-store,2024-11-02,66.28,3,46.14,15.08,39
940e58d9-5a61-4be6-9689-731b5d34b772,Toys,East,Credit Card,Completed,45-54,Express,Food Item,Yes,In-store,2024-11-04,305.63,7,46.06,21.86,39
255193b0-9f6b-4d1a-8ee0-fba0a415e54e,Electronics,West,Cash,Pending,25-34,Standard,Laptop,No,In-store,2024-11-02,336.98,3,27.59,49.33,16
3690aba8-e8a1-43de-881e-2f4a16bcecc4,Electronics,East,PayPal,Pending,25-34,Express,Food Item,No,Online,2024-11-04,21.63,5,25.87,20.87,43
5edd2f6f-dbd0-4020-8da2-cc2e7a82c0e9,Electronics,South,Credit Card,Pending,18-24,Same Day,Laptop,Yes,Online,2024-11-04,295.35,1,11.88,48.83,28
26276036-5af1-40b2-bf11-3eacd1aed484,Toys,West,Cash,Pending,35-44,Standard,Food Item,No,Online,2024-11-05,241.85,7,11.13,32.15,18
54fdabf6-ee5c-405a-8f90-e9bb264145be,Electronics,West,Cash,Pending,18-24,Standard,T-shirt,No,Online,2024-11-04,423.23,9,43.79,26.15,40
a6284126-47f9-4b56-962c-1131574c3b41,Toys,North,PayPal,Completed,35-44,Standard,Laptop,No,Online,2024-11-01,303.62,5,47.39,8.36,15
1bfce447-0ff8-4e15-b012-7e7cd02567a3,Furniture,East,Cash,Completed,25-34,Express,Laptop,No,Online,2024-11-01,454.94,8,6.33,15.65,3
c78e0ae0-8a68-49be-bea7-17729bb1e915,Clothing,West,Credit Card,Pending,55+,Standard,Smartphone,Yes,In-store,2024-11-01,29.2,8,21.24,46.44,37
2400dc1b-1084-4a18-83c9-9e0aa173ff13,Clothing,North,Credit Card,Shipped,55+,Same Day,Food Item,No,In-store,2024-11-03,214.37,5,49.32,19.68,47
420a61c1-3b6f-47c5-bca1-31726b7b0a05,Electronics,North,Credit Card,Pending,45-54,Express,Food Item,No,Online,2024-11-03,138.08,9,38.6,32.36,25
8de59758-008c-4742-983e-2b54c3b4053d,Clothing,East,Cash,Completed,25-34,Same Day,Smartphone,Yes,In-store,2024-11-02,436.21,6,12.45,24.84,9
422c43f9-bc84-435c-a5b5-24322958db2f,Electronics,North,PayPal,Shipped,45-54,Same Day,Food Item,Yes,Online,2024-11-03,264.39,5,45.65,19.67,39
18826053-e82b-4a09-b4ad-75297636177e,Toys,East,PayPal,Shipped,35-44,Same Day,T-shirt,Yes,In-store,2024-11-05,311.63,7,36.48,40.08,7
480eccf3-5612-4cdc-8335-37f8d288f913,Clothing,North,PayPal,Shipped,25-34,Same Day,Food Item,No,In-store,2024-11-04,150.89,8,13.05,18.72,24
275b79be-fd10-48d1-893a-6bddf5f392bd,Food,West,Credit Card,Shipped,25-34,Standard,T-shirt,Yes,In-store,2024-11-05,53.83,8,24.21,44.74,12
8026b8a6-34bf-4f87-9dcd-b50cdff1eda9,Clothing,North,Credit Card,Pending,45-54,Express,Laptop,Yes,In-store,2024-11-05,258.48,4,14.16,49.13,24
c40e3492-e113-45d0-9d1a-3abc10747bfb,Electronics,West,Cash,Shipped,35-44,Standard,Smartphone,Yes,In-store,2024-11-02,497.29,8,35.45,29.39,22
5d0ba625-5ce8-4e39-aa97-67fbce3e5fda,Electronics,North,Credit Card,Pending,18-24,Standard,Laptop,Yes,Online,2024-11-01,170.69,3,40.56,5.85,18
77eec6f3-db19-4225-8520-035bbb6f5f43,Toys,North,Cash,Shipped,18-24,Same Day,Smartphone,No,In-store,2024-11-04,75.87,2,31.57,36.47,14
2783e7ab-1326-43af-ba38-0ba0eee9a907,Clothing,North,PayPal,Shipped,18-24,Standard,Chair,Yes,Online,2024-11-01,26.5,1,25.06,36.5,14
0e3f363d-a6ca-4c3e-88ef-4df70c206b90,Toys,East,Cash,Pending,55+,Same Day,Chair,No,Online,2024-11-04,169.41,8,31.12,23.72,35
8d2f1fbb-05a1-4549-a96b-eae67e3198f2,Electronics,West,PayPal,Shipped,25-34,Standard,Smartphone,No,Online,2024-11-03,455.3,6,17.02,9.02,8
0ba161a8-d27e-4ddb-8735-b56b840233c2,Furniture,North,PayPal,Pending,25-34,Standard,Laptop,Yes,In-store,2024-11-05,271.88,1,19.47,22.11,9
2443ff11-73f7-480c-9169-00f0b30f22fd,Food,North,Cash,Pending,45-54,Standard,Food Item,Yes,In-store,2024-11-01,14.67,2,19.15,33.21,24
190d38b3-0da6-43c1-95c3-521065aea2cb,Furniture,East,PayPal,Shipped,25-34,Express,Laptop,Yes,In-store,2024-11-05,387.59,3,17.61,26.25,1
ea302299-1842-47f4-820a-6a69104dad88,Clothing,North,Credit Card,Pending,25-34,Express,Chair,No,In-store,2024-11-05,268.34,3,49.05,4.16,16
c15926c1-3ae6-4393-881a-f9288a6b8bc9,Furniture,West,Credit Card,Shipped,18-24,Same Day,Food Item,Yes,Online,2024-11-03,218.51,6,13.51,19.92,16
660c48cc-fd9c-4c74-b833-4f6204b43342,Clothing,West,Cash,Completed,18-24,Standard,Chair,Yes,In-store,2024-11-03,223.58,4,32.31,27.89,36
3f64dbd7-97af-47bc-9d4d-0e136fcae1e7,Electronics,North,Cash,Completed,55+,Standard,Smartphone,Yes,Online,2024-11-01,156.61,3,34.64,37.9,24
578cfd97-15df-463c-aa4e-d12f5ffc4a27,Food,East,PayPal,Shipped,25-34,Same Day,Smartphone,Yes,In-store,2024-11-02,121.18,2,48.74,41.49,42
726f88c6-6960-49d3-872a-c76da696df1a,Clothing,South,Credit Card,Shipped,18-24,Express,Chair,Yes,In-store,2024-11-05,490.58,8,22.25,26.64,10
d41047a0-6819-456f-88b7-7d2d5ea2c47a,Food,West,PayPal,Pending,25-34,Standard,Chair,No,In-store,2024-11-03,39.67,3,44.84,28.49,47
97808334-3d12-4035-b73f-d647217be73d,Toys,North,Credit Card,Shipped,45-54,Same Day,Smartphone,No,Online,2024-11-02,326.24,9,48.71,47.49,36
1ca50442-2fd9-4cd4-a7a4-08dbbd199e1f,Furniture,North,PayPal,Completed,35-44,Same Day,Laptop,No,In-store,2024-11-04,360.84,5,46.71,15.37,41
7c39012e-bb97-4cc8-8e52-973dda027341,Electronics,South,Cash,Completed,25-34,Standard,T-shirt,Yes,In-store,2024-11-03,173.79,2,43.38,34.48,12
fe6c530e-c935-4759-839a-99e4392fcc79,Electronics,North,PayPal,Pending,18-24,Standard,Food Item,No,In-store,2024-11-05,267.65,9,18.85,26.01,24
4a895edc-9877-4e19-a1e0-5e553263c133,Toys,South,PayPal,Pending,18-24,Same Day,T-shirt,No,Online,2024-11-04,486.82,7,32.25,32.21,28
811eaf95-d4a1-40ff-a9cc-29e8b84f6bbf,Clothing,North,Cash,Shipped,45-54,Standard,T-shirt,No,Online,2024-11-01,334.72,7,37.05,12.19,8
24149e42-f009-466a-99f5-fdfda4e6a441,Furniture,West,Cash,Pending,55+,Same Day,Chair,Yes,Online,2024-11-02,420.46,3,37.96,1.39,35
d9040422-b93f-49d6-aa8b-b4f274864c9c,Furniture,West,PayPal,Pending,55+,Same Day,Chair,Yes,Online,2024-11-01,214.56,10,18.08,43.37,7
e56d0cd8-233d-4fae-b8ad-3804baf8d827,Toys,East,Cash,Pending,18-24,Standard,Chair,No,Online,2024-11-04,27.69,7,44.98,6.84,32
34426c04-dcbd-41be-82a1-032eceec0729,Furniture,West,Cash,Completed,25-34,Express,T-shirt,No,Online,2024-11-05,259.59,6,28.35,35.84,19
c3f005df-292c-4247-9e8a-68d559768a33,Toys,West,Credit Card,Completed,35-44,Same Day,Smartphone,No,In-store,2024-11-01,390.49,7,25.31,37.19,40
d1f57b64-9bc2-4b04-8ba4-c8732ec936f7,Electronics,East,Cash,Shipped,18-24,Express,Chair,Yes,In-store,2024-11-05,120.76,10,35.99,6.42,46
a3aeab47-045d-4208-8846-c7aa33496c61,Clothing,South,PayPal,Pending,45-54,Express,Food Item,No,In-store,2024-11-05,210.99,5,43.42,48.07,48
b4d09bad-3e11-4332-8175-cba3636deab1,Food,East,Credit Card,Shipped,45-54,Same Day,T-shirt,No,Online,2024-11-03,219.6,1,26.91,20.79,14
063ea277-88bd-4165-b5cc-359bcd28f490,Electronics,North,PayPal,Pending,25-34,Standard,Chair,Yes,Online,2024-11-01,44.06,10,36.98,30.01,41
183bfe95-ca72-466c-9ae3-9ee43c83e8f9,Food,South,Cash,Pending,18-24,Same Day,T-shirt,No,In-store,2024-11-05,42.18,10,25.34,20.35,37
90a25fb3-df2f-4200-9524-5ae07178c731,Furniture,East,Credit Card,Pending,25-34,Express,Smartphone,No,Online,2024-11-05,393.44,3,46.84,19.55,32
846f2f2e-5265-4cf9-83f5-5b33498a17ef,Toys,West,PayPal,Completed,45-54,Express,T-shirt,No,Online,2024-11-01,465.65,3,28.1,46.31,25
e430ef02-69cf-4a9e-9187-de9ba07faefa,Food,East,Cash,Pending,35-44,Same Day,Smartphone,No,In-store,2024-11-03,178.97,9,31.35,20.9,14
8d570fee-3075-4d9d-93a6-361d035f64f9,Furniture,East,Cash,Shipped,18-24,Same Day,Food Item,Yes,Online,2024-11-01,207.59,9,32.87,24.24,26
29c7b085-f545-4fbb-8285-ca5bd66c5546,Furniture,West,Cash,Completed,55+,Express,Chair,No,Online,2024-11-05,147.93,10,47.3,22.99,42
1d475f40-cbfa-4e26-bb57-7214fa258ef3,Toys,North,Cash,Shipped,25-34,Same Day,T-shirt,Yes,Online,2024-11-05,39.33,7,29.24,10.79,36
df9c69f5-0108-45b3-af1d-0b2b98bf975f,Toys,South,Credit Card,Completed,25-34,Same Day,Laptop,No,In-store,2024-11-04,468.69,9,6.61,10.07,4
53228fa2-3817-44f2-a39d-5439aa0bb286,Clothing,North,PayPal,Shipped,45-54,Standard,T-shirt,Yes,Online,2024-11-04,336.12,10,22.84,37.14,15
40c07c0b-06c1-420d-bfde-0fd43fab0329,Toys,South,Credit Card,Completed,55+,Same Day,T-shirt,No,In-store,2024-11-03,170.74,9,20.48,41.25,43
9b3da689-1d64-46a1-8f2a-ee6bb5c4406b,Furniture,North,Cash,Shipped,35-44,Express,Chair,Yes,Online,2024-11-04,461.39,9,49.89,5.39,11
1ac0e36d-62e2-40a8-b46a-6ef48dff4a83,Toys,East,PayPal,Pending,35-44,Express,Smartphone,Yes,Online,2024-11-03,403.93,6,47.13,21.7,6
d64db329-5cb8-4d96-8a6e-836fb47a7a78,Clothing,West,PayPal,Completed,18-24,Express,Food Item,No,Online,2024-11-05,33.23,9,36.28,37.76,36
88ee4983-b77c-43f1-bb15-13d6ac62b78d,Electronics,South,PayPal,Completed,18-24,Same Day,Food Item,Yes,Online,2024-11-04,44.35,5,49.13,22.73,46
9163a498-66b0-4a20-886d-af4833869ab4,Furniture,East,Cash,Shipped,35-44,Express,T-shirt,Yes,In-store,2024-11-05,412.33,2,43.87,35.39,40
0456f4dc-7736-4bef-81e2-863963752e3f,Food,South,PayPal,Pending,25-34,Standard,Laptop,Yes,In-store,2024-11-03,462.37,7,14.93,35.88,45
2877178f-2cc2-4d12-87cd-83af9e9dff43,Food,East,Credit Card,Pending,25-34,Express,Chair,Yes,Online,2024-11-04,483.14,4,21.99,35.89,22
c033363d-cc38-4957-99ed-8f4072026ee3,Furniture,South,PayPal,Completed,25-34,Same Day,Smartphone,Yes,In-store,2024-11-03,127.11,3,26.52,40.43,42
efcaa4c9-b081-4e8f-9068-c39939b9299f,Electronics,West,PayPal,Pending,45-54,Express,Food Item,Yes,In-store,2024-11-05,435.95,4,41.27,47.43,38
fb34f98c-95d2-4a0f-8636-82afbae5695f,Electronics,East,PayPal,Shipped,45-54,Express,Food Item,No,Online,2024-11-04,277.26,9,45.86,16.5,39
