Order ID,Product Category,Customer Region,Payment Method,Order Status,Customer Age Group,Shipping Method,Product Type,Discount Applied,Sales Channel,Order Date,Order Total ($),Quantity Ordered,Shipping Cost ($),Discount Value ($),Order Processing Time (hrs)
b22fa66a-9d43-4ea1-a323-992cd385970a,Electronics,North,Cash,Completed,55+,Same Day,Laptop,Yes,Online,01-11-2024,353.63,7,45.78,16.14,31
74820d6a-47ab-4348-bf64-c884ac4b8df4,Clothing,North,Cash,Shipped,35-44,Express,T-shirt,Yes,Online,02-11-2024,402.09,1,31.17,8.61,36
83657894-8811-4b43-a3dd-b4aa3e54b005,Furniture,North,PayPal,Shipped,35-44,Standard,Food Item,Yes,Online,02-11-2024,317.18,1,28.13,40.98,27
d0b6fdac-2464-4e4b-b380-6b80d82c7303,Toys,North,PayPal,Completed,45-54,Standard,Chair,No,Online,02-11-2024,411.31,10,16.62,35.81,17
418d58b1-b2b0-42ce-b3ce-f12af590afda,Clothing,East,PayPal,Pending,35-44,Express,Food Item,No,In-store,02-11-2024,385.01,1,10.66,17.41,11
128da68d-ab87-4dba-af33-8669bf5e5f29,Furniture,North,Cash,Completed,35-44,Same Day,T-shirt,No,Online,05-11-2024,301.65,7,47.81,2.05,40
bab86740-6fe8-4d1b-b23f-6f7f2520944a,Clothing,East,Cash,Shipped,18-24,Same Day,Food Item,Yes,In-store,01-11-2024,291.43,7,47.32,21.32,27
98fd573f-80d5-4e61-a956-3bcb478af896,Food,North,Cash,Shipped,45-54,Express,T-shirt,Yes,In-store,04-11-2024,293.52,10,29.06,24.74,45
66d2f6c3-1115-4319-a634-787959f442e7,Electronics,East,Cash,Pending,35-44,Same Day,Chair,No,In-store,03-11-2024,262.04,4,11.13,29.27,3
1ebee8f4-8694-4b92-8069-696ca19e4d93,Electronics,North,PayPal,Pending,35-44,Standard,Chair,Yes,In-store,02-11-2024,138.37,9,6.9,19.5,15
ed975331-8ec0-4ed2-84da-6370fabe4d1d,Food,West,PayPal,Completed,18-24,Express,Food Item,Yes,Online,05-11-2024,101.46,7,23.27,7.59,10
f66c45cd-687b-47d5-8fa2-ad2462de540d,Electronics,North,Cash,Completed,25-34,Express,Chair,No,Online,04-11-2024,458.08,2,5.29,23.03,12
e1093f27-904e-460b-b87c-844d2ac90599,Food,North,Credit Card,Pending,18-24,Same Day,Laptop,Yes,In-store,03-11-2024,443.29,5,15.73,29.12,33
237b67dd-c5b3-44b9-bce0-26033b621ac8,Electronics,East,PayPal,Completed,45-54,Same Day,Smartphone,No,Online,04-11-2024,52.04,2,7.1,4.94,6
214f9119-6b42-4c89-b7a0-ced73337f39b,Electronics,East,Cash,Pending,35-44,Express,Chair,No,Online,03-11-2024,30.03,1,38.53,21.32,10
cf24f73e-8521-4cc4-bcdb-95f607866c2b,Toys,South,PayPal,Completed,35-44,Standard,Food Item,Yes,Online,05-11-2024,19.31,9,5.91,22.42,36
1ef515ee-87f4-42c1-ad4d-aa8830a0c312,Food,East,PayPal,Pending,55+,Same Day,Chair,No,In-store,03-11-2024,456.83,9,14.55,10.1,6
fd075a3b-8449-4a8b-bbf1-07cac7303075,Clothing,South,Cash,Pending,35-44,Same Day,T-shirt,Yes,Online,03-11-2024,485.04,10,38.3,0.51,18
74ab903a-d893-41e9-80bf-3bda9742ec2c,Furniture,East,Credit Card,Completed,55+,Express,T-shirt,No,Online,05-11-2024,87.56,1,13.84,26.39,9
f6dc4fed-0a52-4d4f-929d-d502468f6f6a,Electronics,North,Cash,Completed,25-34,Same Day,Laptop,Yes,In-store,03-11-2024,81.58,2,10.66,19.98,25
fec6c099-c4c5-4fb6-9c2a-e10039a85f83,Electronics,East,Cash,Pending,55+,Standard,T-shirt,No,Online,03-11-2024,365.36,1,22.88,20.82,35
0db3e25f-525b-45b3-bdc9-9a719493ccb7,Food,South,Cash,Shipped,45-54,Same Day,Chair,No,Online,01-11-2024,448.63,6,44.76,23.42,20
b09147b4-ce4d-454c-a324-dc8f81500108,Toys,South,Credit Card,Pending,55+,Same Day,Laptop,Yes,Online,04-11-2024,70.49,2,17.29,46.62,28
62502e66-95ba-40b9-a71f-2c177f12c2e2,Furniture,East,PayPal,Shipped,25-34,Same Day,T-shirt,Yes,Online,03-11-2024,133.24,6,27.02,48.18,46
5b5910bf-ba43-44ac-a02f-a98c386062fc,Toys,West,PayPal,Pending,25-34,Same Day,Laptop,Yes,Online,05-11-2024,125.01,1,31.89,45.37,7
eeef0e38-bde1-466b-80e4-3fba1344da51,Clothing,East,Credit Card,Shipped,18-24,Express,Laptop,Yes,In-store,02-11-2024,434.37,6,16.71,46.07,31
36df0248-1b3b-452b-8761-475bd8db1fb9,Toys,West,PayPal,Pending,25-34,Same Day,Chair,No,In-store,04-11-2024,243.68,3,21.33,43.08,32
8f82b0b8-227f-4ad0-a87e-38be6f15dfa5,Electronics,North,Cash,Shipped,55+,Standard,Laptop,No,Online,03-11-2024,334.2,6,6.67,49.72,24
95d5d5ae-b936-4bc2-b036-bff8031756d8,Toys,West,Credit Card,Completed,18-24,Same Day,Laptop,No,Online,01-11-2024,427.96,8,34.71,18.4,14
0f43dc10-e1ef-460c-aa49-94a1faa7afa5,Toys,South,Cash,Shipped,25-34,Same Day,T-shirt,No,Online,02-11-2024,31.48,3,22.86,48.91,47
408d403a-8cd1-4f49-875c-87b29898aac4,Food,West,Credit Card,Completed,55+,Express,Smartphone,No,In-store,02-11-2024,298.48,3,38.48,0.9,41
c96d9f95-ff76-4bb6-a6ff-3532c367e8d2,Food,West,Cash,Completed,25-34,Same Day,T-shirt,No,In-store,01-11-2024,13.05,5,44.79,4.83,30
c448c4d8-b492-4938-92d9-4ccab30996ae,Food,South,PayPal,Completed,25-34,Standard,Food Item,Yes,Online,03-11-2024,476.8,5,13.18,47.74,1
e3932b08-43b7-4971-a3fa-2e78f0344bf9,Electronics,West,Cash,Shipped,18-24,Express,Food Item,No,In-store,05-11-2024,390.74,2,17.49,47.47,42
5ae8ffab-8501-49df-b6cf-bb3fb73b327f,Electronics,West,Credit Card,Shipped,25-34,Standard,Food Item,No,Online,03-11-2024,388.54,8,18.76,46.11,31
e83ac8dd-d831-4f71-b47e-c3757fec53ab,Toys,East,PayPal,Shipped,45-54,Same Day,Laptop,No,Online,01-11-2024,56.8,5,24.93,12.24,47
4236fe06-3dd4-4e56-98cf-0c716fb5c4c5,Furniture,East,PayPal,Shipped,55+,Express,Food Item,No,Online,03-11-2024,295.64,8,25.14,8.39,45
bef078ac-409b-48d9-8f81-86f2b04909d1,Electronics,South,PayPal,Completed,25-34,Standard,T-shirt,Yes,Online,02-11-2024,355.55,2,40.46,27.39,33
d5e372ab-da39-45f8-91d1-0e55f298ffb2,Clothing,East,Cash,Completed,18-24,Standard,Chair,Yes,Online,03-11-2024,181.38,6,46.35,27.86,19
fcba2b4f-ce65-425f-9509-f8729339507f,Food,West,Credit Card,Completed,35-44,Standard,Smartphone,No,Online,04-11-2024,131.72,3,5.37,41.82,27
2e90b2aa-2c66-46d7-966a-55462bb3d20b,Toys,North,Cash,Completed,35-44,Same Day,Food Item,Yes,Online,02-11-2024,219.36,4,38.29,13.17,11
775d84d9-6e80-4e9c-a0d1-c72bf711c79f,Food,West,Cash,Completed,35-44,Standard,Smartphone,No,In-store,05-11-2024,131.92,4,25.71,6.79,27
bb65f4be-0ea1-481c-9256-3545d756f57a,Furniture,East,PayPal,Shipped,55+,Same Day,Food Item,Yes,In-store,05-11-2024,202.91,4,9.39,12.17,34
c9c38c8e-efd1-4d40-8c14-f8c635d33050,Electronics,East,PayPal,Shipped,45-54,Express,Smartphone,No,Online,03-11-2024,386.66,5,43.89,34.53,22
b4777e3e-e5ec-4235-8d43-49292e19f96e,Furniture,North,Credit Card,Shipped,35-44,Standard,T-shirt,Yes,In-store,01-11-2024,16.19,9,38.71,34.81,5
71b2feea-ec7b-4101-9ad7-aae8a174262f,Toys,North,Cash,Completed,25-34,Express,Chair,Yes,Online,03-11-2024,44.16,7,38.94,12.27,5
de6cb940-66e4-4138-b5d5-99c69dd3bed6,Toys,South,Cash,Shipped,35-44,Express,Chair,No,Online,05-11-2024,296.65,3,17.31,39.87,46
9efd8308-d2ed-4c42-9111-049620061098,Food,East,Credit Card,Completed,45-54,Express,Chair,Yes,In-store,03-11-2024,232.27,7,31.39,14.32,26
12157f0a-574b-427e-90b8-5c7ea87fb707,Furniture,South,Cash,Completed,18-24,Same Day,Laptop,No,In-store,02-11-2024,219.09,5,6.82,48.49,2
741df171-72fe-4ea1-a7a1-a668718ef8cc,Electronics,West,PayPal,Completed,18-24,Same Day,Laptop,Yes,In-store,03-11-2024,448.11,4,28.47,46.44,37
0e8305b2-dc2a-4bad-9533-f8dd532bf9c4,Clothing,West,Cash,Shipped,25-34,Express,T-shirt,No,In-store,02-11-2024,149.35,2,22.7,6.82,46
c2eebc24-cf1d-4a56-a05b-dc0845e8ace0,Furniture,East,Cash,Shipped,25-34,Standard,T-shirt,No,In-store,05-11-2024,150.03,3,49.01,38.67,22
11bdb829-2e1e-437c-b7d7-bcea6706a8b6,Electronics,West,Credit Card,Completed,35-44,Same Day,Smartphone,Yes,In-store,03-11-2024,405.7,10,19.11,6.37,36
21fcd694-95b7-483c-b310-6071097cc281,Toys,West,Cash,Completed,55+,Same Day,Chair,Yes,In-store,02-11-2024,206.84,8,40.67,46.21,22
f388248a-3635-4792-8e5d-c20f22887fe0,Food,East,PayPal,Pending,35-44,Same Day,Smartphone,Yes,Online,04-11-2024,138.07,3,7.36,27.35,27
cfba527e-103d-4c9e-9262-b468e4db7ae9,Furniture,South,Cash,Pending,25-34,Standard,Smartphone,Yes,Online,05-11-2024,302.39,9,29.34,47.73,44
6b56d7cd-e8c5-4260-bda2-bbd553acdb05,Toys,East,Cash,Pending,55+,Same Day,Chair,Yes,In-store,04-11-2024,358.68,4,16.77,14.34,30
c3a537d1-e9fd-475c-9436-1d35ef64d514,Furniture,West,Credit Card,Completed,25-34,Express,T-shirt,Yes,In-store,01-11-2024,288.68,4,39.1,37.41,10
0f8dc5c3-6ed2-4776-b539-90d75c0ba922,Clothing,West,Credit Card,Shipped,18-24,Express,T-shirt,No,Online,01-11-2024,488.3,2,41.38,44.24,46
5caf9cac-e22c-4c06-b5af-c6bab599ef10,Electronics,East,Cash,Pending,45-54,Same Day,T-shirt,No,In-store,04-11-2024,470,4,18.37,4.49,5
8dc899ff-1eb2-4e99-8def-9dd6b2dd6307,Food,East,Cash,Shipped,45-54,Express,Chair,No,In-store,02-11-2024,487.88,7,35.95,42.53,32
03377a63-a624-4fd9-ba79-2c8d09d0048a,Food,South,Credit Card,Pending,35-44,Standard,T-shirt,Yes,Online,04-11-2024,166.58,8,27.24,21.85,5
6b013d60-3ec9-41d7-8d9f-62b5def27dd1,Toys,West,Credit Card,Shipped,18-24,Standard,Laptop,No,Online,05-11-2024,259.02,8,16.77,17.9,17
1a80e4d6-c7ab-44e5-a0b8-bdcfec113342,Furniture,East,Cash,Pending,25-34,Same Day,Smartphone,Yes,In-store,04-11-2024,356.64,4,38.85,41.21,8
bf8cdfbb-5e46-4541-85e8-5ba13ca98b7c,Toys,South,PayPal,Completed,25-34,Standard,Laptop,Yes,In-store,03-11-2024,36.33,6,18.19,43.05,15
2d6f76d2-4efe-4316-b4a0-8277e8993f29,Furniture,East,Cash,Pending,35-44,Standard,T-shirt,No,Online,03-11-2024,385.21,6,22.43,15.47,3
ceb66733-f6b0-4a68-af37-de9179eb4fc1,Food,South,Cash,Shipped,35-44,Express,Laptop,No,Online,03-11-2024,421.3,2,44.17,33.01,5
ddcb9495-1d03-484b-a754-40e30dd8569e,Toys,East,PayPal,Shipped,45-54,Express,Food Item,Yes,In-store,02-11-2024,457.01,2,36.32,28.02,15
c3aa99cb-84ae-4d07-86a5-b5f8dabc2b3d,Furniture,West,PayPal,Completed,25-34,Express,Laptop,No,In-store,02-11-2024,438.91,9,38,9.33,39
fca543c8-5a7c-47ae-9122-8b03273f81fe,Food,South,PayPal,Completed,18-24,Standard,T-shirt,Yes,In-store,04-11-2024,370.45,5,32.72,35.03,38
30192015-c2e0-4e7d-b636-cc416bd7fe58,Food,North,Cash,Pending,25-34,Express,Laptop,No,Online,02-11-2024,307.75,9,11.45,15.57,11
af998826-7f55-451d-b892-97284f6afb38,Clothing,North,PayPal,Shipped,45-54,Same Day,T-shirt,Yes,Online,05-11-2024,335.27,2,30.03,1.15,45
29650fa5-b251-48bd-819d-01399ba1aa82,Clothing,West,Credit Card,Pending,35-44,Express,Food Item,Yes,In-store,03-11-2024,78.31,2,22.01,2.58,47
25efc694-3853-45e1-9ddf-06ec2063ba46,Electronics,South,PayPal,Pending,25-34,Same Day,Smartphone,No,Online,05-11-2024,330.72,9,5.9,28.32,32
48437f7f-ead0-421f-9aff-b0826fb9cdc7,Toys,North,Credit Card,Completed,55+,Standard,T-shirt,Yes,Online,05-11-2024,47.51,5,28.75,47.78,27
2d7fd7d5-b732-4d56-9a1c-088515b7ff97,Electronics,East,Cash,Completed,25-34,Express,Laptop,Yes,In-store,01-11-2024,36.41,8,45.56,2.8,28
53b7cdba-4ef2-4fab-9aa5-84975145b154,Clothing,East,PayPal,Completed,18-24,Same Day,Smartphone,Yes,In-store,05-11-2024,141.52,1,15.86,39.99,28
d4b78b4b-c29e-40a0-9607-a4ccf7abda2c,Clothing,East,PayPal,Pending,45-54,Same Day,Food Item,Yes,Online,01-11-2024,224.2,4,26.02,3.06,18
339509ec-467f-45d8-9960-1851e3dffe2d,Toys,South,Credit Card,Pending,45-54,Express,Chair,Yes,In-store,03-11-2024,418.77,4,29.68,10.17,8
9ab628c6-3d04-4c0f-8bf4-f2964047682d,Clothing,East,Cash,Completed,25-34,Standard,T-shirt,Yes,In-store,04-11-2024,289.28,7,27.46,45.78,16
78bc0943-8e3f-4b0d-aeab-c62851f39bf2,Furniture,North,Cash,Completed,35-44,Same Day,Food Item,No,Online,04-11-2024,444.28,9,16.71,49.71,25
668223bd-c8dc-482a-896f-af39c9e5b0a3,Toys,East,Credit Card,Completed,55+,Standard,T-shirt,Yes,Online,01-11-2024,250.01,4,16.79,33.43,18
aeacacdf-e9d2-4760-b844-42cf9e14f617,Electronics,East,PayPal,Pending,45-54,Same Day,Smartphone,Yes,Online,05-11-2024,115.03,5,20.69,5.28,38
c1b6a707-4261-4075-b51f-4da9580ca98e,Food,South,PayPal,Shipped,35-44,Standard,Food Item,Yes,Online,01-11-2024,152.34,7,36.63,0.64,15
d54301b4-7e7c-4e73-a2e1-878758b6f05e,Furniture,North,Credit Card,Pending,35-44,Standard,Food Item,Yes,Online,03-11-2024,147,9,17.43,11.07,22
f8aa459a-3e5a-4b6d-9fd5-cf2638f4904f,Clothing,East,Credit Card,Completed,55+,Standard,T-shirt,No,In-store,01-11-2024,47.81,4,13.56,23.27,14
33ec6336-559e-4c33-9875-c028243df860,Clothing,South,PayPal,Shipped,35-44,Standard,Laptop,No,Online,05-11-2024,199.03,10,16.45,27.98,10
03e417ef-0c31-4568-a466-b5b26d699527,Electronics,South,Credit Card,Pending,45-54,Express,Food Item,Yes,Online,03-11-2024,408.17,6,9.01,32.9,31
8ce20df5-bf83-40bc-8d06-4a93e0697521,Food,East,PayPal,Shipped,18-24,Express,Food Item,No,In-store,01-11-2024,256,9,7.69,34.35,7
8c4cd97f-3404-4b31-baad-44bbd30cfb49,Toys,South,Credit Card,Pending,25-34,Same Day,Laptop,Yes,In-store,02-11-2024,175.54,1,17.52,27.53,15
93ce4122-695a-4163-8067-c925e1d05ae5,Electronics,West,Cash,Shipped,25-34,Standard,Food Item,Yes,In-store,03-11-2024,13.27,3,33.81,29.89,24
2e8e039a-bee7-4358-a9b5-55ae9f443918,Toys,East,PayPal,Completed,45-54,Standard,T-shirt,No,Online,01-11-2024,287.59,2,36.21,17.79,40
32adf7db-135e-44be-bef4-7684bb2bad9f,Food,West,PayPal,Shipped,18-24,Express,Smartphone,Yes,In-store,05-11-2024,90.14,1,9.8,18.72,36
ab9cd322-56f5-44db-8f25-fb5ba9f19d8c,Clothing,West,Credit Card,Shipped,45-54,Standard,T-shirt,Yes,Online,04-11-2024,273.09,1,7.45,44.35,12
13fb98a7-38e6-4f70-b9c2-6bceaaea879f,Food,East,PayPal,Pending,25-34,Standard,Smartphone,No,In-store,05-11-2024,405.02,8,30.03,44.92,22
420bc52b-a68a-452f-9919-235a46332339,Toys,East,PayPal,Pending,35-44,Same Day,Food Item,Yes,Online,02-11-2024,40.1,9,27.29,31.95,3
82346590-d2b6-4374-b865-9ca39828fd2f,Toys,South,Credit Card,Pending,55+,Standard,T-shirt,No,Online,02-11-2024,23.02,7,28.41,46.78,12
6fa9d3fe-000b-42eb-9e01-3c5e73d53312,Electronics,South,Cash,Completed,55+,Same Day,T-shirt,Yes,Online,05-11-2024,356.41,5,23.62,13.34,25
1c529454-79a7-49c7-9a66-611846a1b5ee,Clothing,South,PayPal,Pending,55+,Express,Chair,Yes,In-store,03-11-2024,188.83,7,36.63,22.3,18
5359d463-6842-48ac-82a9-27d0fb15a233,Furniture,North,Credit Card,Completed,25-34,Same Day,T-shirt,Yes,In-store,02-11-2024,312.52,1,49.42,24.62,4
2d92a01a-9090-41c4-a393-235a7ea3d0e7,Furniture,North,Credit Card,Shipped,55+,Standard,Food Item,Yes,In-store,04-11-2024,143.54,6,49.22,14.85,9
53af4801-9fbc-457a-9b7f-e1248ad3a54d,Toys,East,PayPal,Shipped,35-44,Express,Chair,Yes,In-store,01-11-2024,173.33,5,43.51,20.05,48
7dfc027e-a3dc-4adc-9d7a-15b9c17d2b8a,Food,North,PayPal,Shipped,35-44,Express,Chair,No,Online,01-11-2024,444.56,8,29,15.05,29
5b3822c1-55c3-4318-acbe-4572170c13a3,Food,West,Cash,Pending,18-24,Standard,Laptop,Yes,Online,01-11-2024,383.83,9,6.69,24.37,25
3f9ed430-d778-4450-ae88-747afe7ce1fb,Food,South,Cash,Shipped,45-54,Standard,Chair,No,In-store,03-11-2024,33.03,3,36.5,11.98,5
4039de70-36b8-4153-b04e-f4da9589aab0,Furniture,East,Cash,Completed,35-44,Same Day,Smartphone,No,In-store,03-11-2024,499.78,8,40.82,12.81,35
15178f44-5c14-4caf-aa06-a1f17ac9af1c,Food,West,Cash,Pending,18-24,Same Day,Laptop,No,In-store,04-11-2024,392.87,6,8.74,30.86,22
6ea25ec7-53b7-41fb-82fa-ea757bb13d14,Toys,East,Cash,Completed,35-44,Standard,Chair,No,Online,02-11-2024,138.94,6,15.65,4.62,46
e677b7ec-9e8d-4561-890e-97cb302617d2,Toys,West,Cash,Completed,45-54,Express,Chair,Yes,Online,03-11-2024,327.46,7,33.74,17.77,16
77634852-96b6-4c2e-9179-84c2513c72e8,Clothing,North,PayPal,Pending,35-44,Standard,Food Item,Yes,In-store,01-11-2024,278.05,6,46.7,12.06,3
c98a02e1-6ac2-44af-9be5-fb2c6be5c73a,Food,South,Cash,Shipped,25-34,Same Day,Chair,Yes,Online,04-11-2024,468.52,9,21.14,1.04,19
68caadf1-5044-4773-b638-e145268555fb,Clothing,West,Credit Card,Shipped,35-44,Standard,Food Item,Yes,Online,01-11-2024,462.1,6,11.47,15.27,17
aff87524-15d6-4016-9df5-8c7d5ea25967,Furniture,East,Credit Card,Completed,55+,Express,Food Item,No,Online,02-11-2024,484.84,1,22.04,8.76,9
0125b629-ff3c-487e-bb03-2d598db70350,Clothing,South,Cash,Completed,25-34,Express,Laptop,No,Online,01-11-2024,203.32,5,49.56,11.39,26
17cde910-0ff6-4f64-851e-753fadc872f6,Food,East,Cash,Shipped,55+,Same Day,T-shirt,No,Online,05-11-2024,283.52,10,35.68,39.31,21
18bf8cdf-2e08-4d73-9ff6-f0f53195e02b,Clothing,South,Credit Card,Pending,45-54,Same Day,Chair,No,In-store,02-11-2024,439.89,10,21.88,19.29,42
1ed46659-bce3-448e-9c01-680522b5f0c2,Furniture,North,PayPal,Shipped,45-54,Same Day,T-shirt,No,In-store,03-11-2024,265.53,1,12.99,22.31,46
d5dcf728-406a-42be-9678-014e5e4fc037,Electronics,East,Cash,Completed,35-44,Standard,Laptop,No,Online,02-11-2024,290.53,3,27.17,28.39,32
fdcdf95a-9a28-480e-8578-4bde2d31537b,Food,West,Credit Card,Pending,55+,Standard,Laptop,Yes,In-store,04-11-2024,355.7,2,12.11,9.1,7
afe59d8e-b6aa-479c-8a7c-29fa9ae714bd,Electronics,East,Credit Card,Completed,25-34,Express,Laptop,No,Online,04-11-2024,30.42,9,47.13,30.12,45
b75ddcae-72a0-4b38-95af-c52c7a0e70cb,Furniture,South,Cash,Pending,55+,Express,Laptop,Yes,In-store,04-11-2024,304.29,1,10.66,28.6,25
3b544596-7721-4357-842d-4a7d0e97e641,Food,East,PayPal,Pending,25-34,Express,Chair,No,In-store,01-11-2024,194.39,2,6.14,41.35,33
61fe6028-b8ca-435b-bd05-c112057717b6,Food,North,Cash,Pending,35-44,Same Day,Smartphone,No,In-store,01-11-2024,469.56,1,22.61,31.34,40
c4356270-34f0-48d8-97a7-41b4f2dbe965,Furniture,North,Credit Card,Pending,55+,Express,T-shirt,No,In-store,01-11-2024,51.45,3,6.5,33.69,35
d04a8fb2-7567-4d8e-b4b2-4252bfe86b68,Clothing,West,Cash,Shipped,35-44,Standard,Chair,Yes,Online,03-11-2024,36.76,3,10.37,15.74,18
bc43b532-5d32-4d4b-9675-55d3a581a77a,Food,South,PayPal,Pending,55+,Express,Smartphone,Yes,In-store,01-11-2024,330.66,2,39.95,16.81,23
f1b0ca2e-3aa0-49b9-a7fc-b528cdc29f40,Clothing,North,Cash,Pending,18-24,Same Day,T-shirt,No,Online,03-11-2024,332.76,4,42.27,34.35,48
2403eb51-93ee-4866-9f5d-6a044410faef,Electronics,West,Cash,Completed,55+,Same Day,T-shirt,No,In-store,02-11-2024,464.2,6,44.67,29.8,19
0d6890cb-6336-44c9-b2f7-5435ec1d04a3,Furniture,South,PayPal,Shipped,55+,Express,Food Item,Yes,In-store,01-11-2024,87.34,8,28.39,10.9,33
77cdd1b2-7281-4ae8-8c6c-2af127a70a37,Furniture,East,Cash,Shipped,45-54,Express,T-shirt,No,Online,04-11-2024,108.04,3,41.86,7.24,37
875d1b40-3655-4cb8-8352-90be215f9c29,Toys,East,PayPal,Shipped,55+,Same Day,T-shirt,Yes,In-store,02-11-2024,149.25,9,17.57,40.44,40
9584f15e-e3d7-45ae-8892-a336be82cc60,Furniture,East,Credit Card,Shipped,18-24,Same Day,Laptop,Yes,In-store,02-11-2024,271.06,1,7.45,42.55,15
254df746-3097-4a41-8d13-2039c5801736,Furniture,North,Cash,Shipped,55+,Express,Chair,Yes,Online,03-11-2024,134.32,2,16.34,17.62,30
ca3bcff0-7f49-4e19-9e1a-f9b07177ea8c,Clothing,West,Cash,Shipped,18-24,Standard,Smartphone,No,Online,05-11-2024,478.86,7,13.23,18.35,28
6dac8be7-0b93-4826-911b-c2f4e4c3ce2c,Electronics,North,PayPal,Shipped,18-24,Same Day,Food Item,No,Online,03-11-2024,479.56,6,5.6,32.22,19
38887bc6-98b8-4c94-852a-15a1c4967c37,Electronics,East,Cash,Shipped,35-44,Same Day,Laptop,No,Online,01-11-2024,240.23,5,41.16,12.99,46
b96851ba-e315-47f9-b048-87be96d07fcb,Electronics,North,PayPal,Pending,18-24,Standard,Smartphone,No,In-store,02-11-2024,499.58,6,25.67,7.56,15
20fe3e9f-7cb1-4f61-a965-8be745ccc53f,Clothing,East,PayPal,Completed,45-54,Same Day,Laptop,No,Online,02-11-2024,174.48,8,25.89,28.97,3
9493b2a4-8758-45ff-88cd-ebe03855354e,Food,East,PayPal,Shipped,25-34,Standard,Food Item,No,Online,02-11-2024,222.56,4,23.18,23.95,38
4b5b0575-8bc2-4bd9-87f4-6945d8284b72,Toys,North,PayPal,Completed,55+,Express,Chair,Yes,Online,02-11-2024,499.98,5,32.67,13.52,40
b926bd02-0c37-41cb-9291-1f95cad476c0,Toys,West,Cash,Pending,35-44,Standard,Smartphone,No,Online,02-11-2024,495.71,8,30.43,17.74,40
ea2cb421-6942-4b5e-a6c5-90b2acc2966b,Food,East,PayPal,Completed,45-54,Same Day,Smartphone,Yes,In-store,04-11-2024,221.17,8,12.96,1.11,37
4f56e06a-848f-4bbd-a0bc-e9627192f66d,Toys,South,PayPal,Pending,45-54,Same Day,Laptop,No,In-store,01-11-2024,350.51,4,38.65,17.42,26
886fafc8-876c-41bd-a7bb-2915aec8308d,Furniture,West,PayPal,Completed,18-24,Same Day,Smartphone,No,Online,01-11-2024,400.03,4,15.7,18.52,33
d2928e2a-1981-4f3a-b5dd-d9a39a7bdcfa,Electronics,East,Cash,Shipped,25-34,Express,T-shirt,Yes,Online,01-11-2024,17.75,8,14.45,41.68,28
3684a9dd-713d-406e-ada7-480c97f8f75d,Toys,East,Credit Card,Pending,18-24,Same Day,Laptop,No,In-store,05-11-2024,467.68,8,5.92,9.58,35
67d75b74-1af4-4bed-8e1d-de0b1dc978d6,Toys,South,Cash,Completed,25-34,Same Day,Laptop,No,In-store,05-11-2024,488.15,7,6.67,1.65,17
7d827949-49ff-46d5-ac68-017ddb99c4fe,Toys,West,Credit Card,Shipped,55+,Express,Laptop,Yes,Online,04-11-2024,411.4,5,30.29,3.64,23
870f4b84-8401-47bc-9fd6-895a8417b206,Electronics,East,PayPal,Completed,18-24,Express,Food Item,Yes,Online,02-11-2024,115.53,9,31.95,32.32,43
657a5346-396e-4bc7-8e52-6aca1b5e7b28,Toys,South,PayPal,Shipped,55+,Standard,Food Item,Yes,Online,01-11-2024,436.17,6,13.66,25.34,23
08a44236-2747-4ac1-9ba1-758f64bffb79,Furniture,West,Credit Card,Pending,25-34,Express,Food Item,No,Online,01-11-2024,108.38,10,18.42,26.26,11
67749fa9-c334-4ff0-8caa-81cd8c2f4284,Toys,West,Cash,Pending,45-54,Same Day,Smartphone,Yes,In-store,04-11-2024,143.35,2,8.01,9.92,32
ab0da017-9f2c-482f-af71-6bcd8babb371,Electronics,East,Cash,Pending,35-44,Same Day,Smartphone,Yes,Online,05-11-2024,38.33,8,28.87,36.64,42
f8c51c7d-4e76-48b0-b549-9995952d523b,Clothing,South,Cash,Pending,35-44,Same Day,Laptop,Yes,Online,03-11-2024,86.39,2,45.58,11.78,20
d80aeb38-708f-4cba-8482-d4747bc67d89,Furniture,North,PayPal,Completed,18-24,Same Day,Chair,Yes,Online,04-11-2024,88.9,3,25.92,17.17,28
60970de6-8c9d-4706-a4f6-ae547ad2641a,Clothing,South,Cash,Pending,18-24,Express,T-shirt,No,Online,04-11-2024,313.68,3,13.77,46.05,18
a8570fa9-e85b-42da-8745-3bd5ff3e540e,Furniture,South,PayPal,Shipped,35-44,Express,T-shirt,Yes,In-store,05-11-2024,379.21,4,14.83,22.68,2
037069a4-981b-45dd-8932-ab341a041bd1,Food,North,PayPal,Pending,25-34,Express,Chair,No,In-store,01-11-2024,282.16,4,15.83,23.93,3
5b736f8d-a381-4c25-a8ff-45c96739c012,Electronics,North,PayPal,Completed,45-54,Standard,Smartphone,Yes,Online,05-11-2024,209.34,5,30.99,23.07,29
4406b6f7-4faa-4f22-a40d-c94898aa777d,Food,West,Credit Card,Shipped,18-24,Same Day,Smartphone,No,Online,02-11-2024,491.71,5,18.65,8.27,21
753ec6d4-3398-4800-a956-a6c58ac75640,Toys,East,PayPal,Completed,18-24,Standard,Chair,No,In-store,01-11-2024,152.35,9,22.9,41.55,10
9aec7221-3ab1-4dec-88e8-8990d2050982,Electronics,North,PayPal,Pending,45-54,Express,Chair,No,In-store,02-11-2024,479.44,7,26.44,22.33,47
142c4856-7106-4f48-b1db-16f25e6acfe2,Electronics,East,Cash,Completed,25-34,Standard,Laptop,Yes,In-store,05-11-2024,185.78,9,6.14,4.78,37
c3271dfc-8ee6-4471-8859-4396b450c32b,Toys,North,Credit Card,Completed,45-54,Standard,Laptop,No,Online,01-11-2024,343.67,1,15.24,37.81,43
3ddb8e1e-82bb-4af3-a500-5af82a5a58ee,Toys,North,Credit Card,Shipped,35-44,Standard,T-shirt,No,Online,04-11-2024,228.76,6,12.21,18.08,6
bb10c873-1cce-4a2f-8780-d3f90c6547aa,Electronics,North,PayPal,Pending,18-24,Same Day,Chair,Yes,Online,04-11-2024,69.24,3,18.72,11.97,12
73fb1ea9-ada0-4a81-b084-c393015a4d20,Electronics,East,PayPal,Pending,45-54,Express,T-shirt,Yes,In-store,02-11-2024,472.93,10,40.26,16.78,17
b924480f-f0e3-4510-a225-c8b326a79a1a,Toys,East,PayPal,Shipped,18-24,Express,T-shirt,Yes,Online,01-11-2024,285.73,8,20.72,41,11
69088fcc-8ac8-4aca-b278-efb91868a378,Clothing,South,Credit Card,Pending,45-54,Same Day,Smartphone,Yes,Online,05-11-2024,210.39,1,14.08,43.56,10
1e4c58cc-ef10-4716-95b2-f7a56f4c05c7,Toys,East,PayPal,Completed,35-44,Same Day,Smartphone,No,In-store,01-11-2024,47.52,3,41.69,36.71,6
4be90d1b-a860-405d-9f09-7f1fe721c347,Electronics,West,Cash,Shipped,18-24,Express,T-shirt,No,Online,01-11-2024,212.77,10,20.85,8.31,46
23241ad3-b902-4d18-a96d-f1048a7e56ce,Food,West,PayPal,Pending,25-34,Standard,T-shirt,No,In-store,02-11-2024,193.79,8,47.95,0.7,46
b40999f1-ce91-44bd-a368-f7fcfd83810c,Furniture,North,Credit Card,Pending,35-44,Express,Smartphone,Yes,In-store,04-11-2024,264.24,9,10.78,31.18,35
17fe1eec-1083-4bf1-80f1-b2061eb6a9b3,Food,West,PayPal,Completed,18-24,Standard,Chair,No,In-store,04-11-2024,271.44,3,19.97,37.88,24
35532f0e-34b0-48b2-9faa-bfe8d01f2524,Electronics,West,PayPal,Pending,35-44,Same Day,Chair,Yes,Online,04-11-2024,317.56,4,37.28,18.43,14
ad0b69f2-ba68-4057-a9f7-07d4c12ff359,Electronics,North,Credit Card,Pending,25-34,Express,Laptop,Yes,In-store,03-11-2024,342.2,2,5.16,25.72,15
250e024b-3934-4fae-8a9b-861317995d06,Toys,North,Cash,Pending,18-24,Express,Smartphone,No,Online,03-11-2024,104.8,2,41.71,32.65,10
03a575ea-f3ff-4496-b904-e8031d33454a,Clothing,East,Credit Card,Pending,25-34,Express,T-shirt,No,Online,05-11-2024,343.7,8,45.77,20.89,29
b19ac8d7-4c3a-4985-b6c5-70c828c602e4,Food,West,Cash,Completed,18-24,Express,Smartphone,No,Online,04-11-2024,233.01,1,42.07,18.57,23
47571e3d-52a2-4b06-8eda-f9f483a1e51a,Food,West,Cash,Pending,45-54,Express,T-shirt,Yes,In-store,02-11-2024,387.59,2,5.52,12.76,27
1ed7d92e-f489-452b-b356-692ff079c940,Electronics,North,Credit Card,Completed,55+,Express,Smartphone,No,In-store,03-11-2024,267.95,5,33.53,46.8,7
a70f72de-b042-48f8-b846-c3c656a225d7,Electronics,South,Cash,Shipped,35-44,Same Day,Food Item,Yes,Online,02-11-2024,371.15,5,30.93,13.22,28
a5787f5e-8cc3-432d-a22e-623ef32a1a4c,Furniture,West,Cash,Pending,18-24,Same Day,T-shirt,No,In-store,05-11-2024,342.08,7,8.6,48.22,45
ef818b0c-dfd5-4c1b-a756-c6234efc7b31,Furniture,West,Credit Card,Shipped,35-44,Standard,T-shirt,No,Online,03-11-2024,417.37,5,10.97,29.06,28
77e7abdb-842a-4abf-b1b4-0bf770cb755b,Toys,South,Credit Card,Shipped,25-34,Express,T-shirt,Yes,In-store,05-11-2024,437.19,8,10.56,18.8,22
b2b15183-0fdc-4acf-bd81-c4d680325e14,Furniture,West,Credit Card,Completed,55+,Express,Smartphone,No,Online,02-11-2024,12.23,3,20.95,22.15,19
f991b396-bb18-4b82-8459-416970f367a4,Furniture,North,Credit Card,Pending,25-34,Express,Food Item,Yes,Online,05-11-2024,463.41,9,26.99,1,3
1bb2f453-7a2f-4632-892e-f193d18e0b0f,Electronics,West,Credit Card,Shipped,25-34,Standard,Smartphone,No,In-store,03-11-2024,34.98,7,6.91,24.3,43
6420aced-46e8-4fe0-bc13-3d51a9e11a54,Food,East,Credit Card,Completed,35-44,Express,Chair,No,In-store,05-11-2024,170.58,2,38.88,47.31,8
65d3f974-17a2-4e42-b4c3-429abc1f16b9,Furniture,North,Credit Card,Completed,45-54,Express,T-shirt,No,In-store,05-11-2024,168.79,6,34.36,37.98,39
d72bf0fe-b0f6-44c2-9711-a8c9e7ec158b,Electronics,East,Cash,Shipped,55+,Standard,Chair,No,In-store,01-11-2024,487.95,9,29.42,41.52,47
38e931f5-9b6d-4bfe-9da4-bc55a0dea930,Food,South,Cash,Pending,25-34,Standard,Laptop,No,In-store,03-11-2024,437.32,5,40.87,14.7,17
920b6995-2ad6-4d9d-bf02-c52b1f8fb6a9,Clothing,North,Cash,Completed,45-54,Express,T-shirt,No,Online,03-11-2024,272.69,1,44.04,19.61,22
48bde2e9-3c9b-4a07-bd38-8484b7ec185e,Electronics,North,Cash,Shipped,25-34,Express,Chair,Yes,In-store,03-11-2024,332.29,3,31.56,0.02,46
3df5823e-8a64-4659-b5e0-090e4408d8a5,Electronics,North,Cash,Pending,55+,Express,Laptop,No,In-store,03-11-2024,383.48,10,21.53,41.47,45
feb5622f-1ec1-4709-9f23-1a8227e89ff8,Toys,East,Credit Card,Completed,18-24,Express,T-shirt,No,Online,03-11-2024,37.16,8,8.5,48.95,43
653a94d6-8ce7-4cd4-9885-c5265764500f,Toys,West,Credit Card,Shipped,18-24,Express,Smartphone,Yes,Online,01-11-2024,76.27,9,5.04,18.02,23
ab272b4c-b3eb-42b6-864a-9cca5a016ab7,Clothing,North,Credit Card,Shipped,25-34,Standard,Smartphone,Yes,In-store,04-11-2024,144.62,3,44.63,14.19,14
d2f80925-056a-4e4a-831d-2913285af7fd,Clothing,West,Cash,Pending,35-44,Standard,T-shirt,No,In-store,02-11-2024,205.55,1,44.02,49.79,37
805b2f14-17f7-41f4-a562-d59c1c732639,Clothing,South,Cash,Pending,25-34,Standard,Food Item,Yes,Online,05-11-2024,446.78,2,19.29,7.08,23
128fe57e-7794-4167-88d1-2e759f0b7b0c,Toys,South,Credit Card,Completed,45-54,Express,Food Item,Yes,In-store,01-11-2024,76.92,4,47.6,44.48,41
8254832e-581d-4903-8bd4-c629d59ed794,Clothing,North,Credit Card,Completed,35-44,Express,Smartphone,No,In-store,05-11-2024,188.95,2,48.41,24.43,21
66f3bb5d-10f4-43ec-8845-a2302c9e5392,Clothing,South,PayPal,Completed,55+,Express,Food Item,No,Online,02-11-2024,169.21,1,46.23,1.26,5
fc004794-5d7b-4f0d-a6bc-74c3667e85b3,Toys,East,Cash,Completed,25-34,Express,Laptop,No,In-store,05-11-2024,166.89,5,15.11,47.42,8
7009f496-a164-473e-95db-d30a6bbdd5e9,Electronics,South,PayPal,Completed,55+,Same Day,Laptop,No,In-store,01-11-2024,452.23,6,9.92,34.73,37
b6a73218-51e1-40cd-8514-5e3f9b1c27a8,Furniture,North,PayPal,Completed,35-44,Express,Chair,No,Online,01-11-2024,80.95,9,49.08,21.63,15
528219f2-e0ff-45ae-a837-e54b39ca30ed,Clothing,West,PayPal,Completed,55+,Standard,T-shirt,Yes,In-store,04-11-2024,102.33,5,15.33,49.39,9
a6c6b80c-6814-4995-9a60-d049d8ee479a,Toys,South,PayPal,Completed,55+,Express,Smartphone,No,Online,03-11-2024,302.35,2,43.28,44.26,48
5358d0a2-9156-48cb-a55a-2b9f45b406c5,Furniture,East,PayPal,Shipped,35-44,Express,T-shirt,No,Online,01-11-2024,283.57,4,45.6,12.07,1
b039305f-24a1-4449-af71-76d0c5519f16,Toys,South,Credit Card,Shipped,45-54,Standard,Smartphone,No,Online,05-11-2024,302.58,9,48.8,33.9,41
cac170ae-f59c-4e56-8003-73e2ac632313,Electronics,South,PayPal,Pending,25-34,Standard,Smartphone,No,In-store,03-11-2024,354.12,3,7.97,40.56,19
be474b48-69ec-46c0-9028-c9d2e52fb067,Electronics,North,PayPal,Completed,35-44,Express,Chair,Yes,Online,05-11-2024,338.18,9,41.18,27.98,17
59971b82-f68a-4aed-8646-0891a9aada1d,Food,North,Cash,Shipped,18-24,Same Day,Smartphone,Yes,Online,04-11-2024,341.54,5,29,13.91,6
81343f44-a989-4042-8e58-a042b047f340,Electronics,West,Cash,Completed,25-34,Express,Laptop,No,Online,01-11-2024,347.09,6,33.07,30.76,35
e3801d87-1186-4609-903f-247c7537f3f0,Toys,West,PayPal,Shipped,25-34,Same Day,Laptop,No,Online,02-11-2024,445.26,6,42.52,36.14,28
0d7d4c99-f970-4647-80b6-17ee4221339f,Clothing,South,Cash,Pending,35-44,Express,Chair,No,Online,01-11-2024,143.92,9,18.15,32.38,14
87526bda-cae9-494a-ab64-b7cb25792f03,Toys,West,Credit Card,Pending,25-34,Standard,Laptop,Yes,Online,02-11-2024,296.52,5,18.46,41.64,48
c960c664-bd46-401d-af86-a82f463e20d6,Food,North,Cash,Pending,18-24,Standard,Chair,No,Online,05-11-2024,328.76,8,18.81,43.96,27
1fb69f7f-6fc3-41f3-8651-79eff7549f5f,Toys,South,Credit Card,Shipped,25-34,Express,T-shirt,No,Online,04-11-2024,409.77,7,14.94,27.92,23
e261010c-4919-43a0-9bad-f3ec31872c55,Food,South,Credit Card,Shipped,35-44,Standard,T-shirt,Yes,In-store,02-11-2024,414.75,1,45.72,22.29,26
87d84580-4edd-42ae-ba61-9c3850db7c1b,Electronics,West,Credit Card,Shipped,18-24,Same Day,Smartphone,Yes,Online,01-11-2024,127.23,8,12.36,14.25,44
7bf36b1b-12d6-4b59-89cb-3d72332f751c,Electronics,East,PayPal,Shipped,25-34,Express,Laptop,No,In-store,02-11-2024,172.6,10,16.01,21.32,8
f89621a7-2239-44bf-bd20-05ffaca6669e,Clothing,West,Cash,Completed,18-24,Same Day,Food Item,Yes,In-store,01-11-2024,361.88,1,44.41,38.08,24
3d87f69b-c740-4efd-85db-afdacf71a575,Toys,East,Cash,Shipped,45-54,Same Day,Food Item,Yes,Online,05-11-2024,295.42,3,6.43,5.1,43
0d414e6a-f54b-47c4-9198-8711bcdccc2c,Toys,West,Credit Card,Shipped,25-34,Standard,Smartphone,Yes,Online,01-11-2024,295.32,2,30.23,0.1,11
faa90ee1-6df7-4d8a-96ea-e91a701bc044,Toys,West,Cash,Shipped,55+,Standard,Laptop,No,In-store,01-11-2024,322.65,1,30.41,4.64,19
6fc178c7-8f1e-4e51-9573-27acf6bf33c9,Electronics,West,Credit Card,Shipped,25-34,Express,Chair,Yes,In-store,04-11-2024,401.97,2,37.16,28.96,4
33537379-14a2-4e60-b457-077dbd74974f,Clothing,South,Cash,Completed,45-54,Standard,Food Item,Yes,Online,05-11-2024,83.71,2,16.91,38.41,20
06c0a63a-5fab-4a0e-bd12-5e48afe61d89,Furniture,West,PayPal,Completed,55+,Express,Smartphone,No,In-store,01-11-2024,197.33,5,38.52,20.77,31
c0dd8834-5f25-4d0d-bd1f-c8e499fcf01d,Toys,North,PayPal,Completed,18-24,Express,Smartphone,Yes,In-store,04-11-2024,222.9,9,25.73,33.81,17
5902c69e-6b83-4bcd-a3a9-fbaefb3b52aa,Electronics,West,PayPal,Pending,18-24,Standard,Food Item,Yes,Online,03-11-2024,99.3,9,42.01,10.78,33
d0b444fd-ccb9-4af8-8862-1e02087950d4,Food,East,PayPal,Completed,55+,Express,Laptop,No,Online,01-11-2024,47.43,10,42.17,33.87,19
b01223ce-7c37-44d6-ba59-ced94ec0da86,Toys,South,PayPal,Shipped,55+,Same Day,Laptop,Yes,In-store,02-11-2024,306.01,8,15.74,45.07,46
b418b8ed-7529-45b8-b325-41a0b5bee575,Food,East,PayPal,Pending,45-54,Express,T-shirt,Yes,In-store,02-11-2024,136.14,3,34.97,33.16,16
4372a917-c0e0-42b6-8711-3a4ebf391b81,Electronics,North,Credit Card,Completed,25-34,Same Day,Food Item,No,In-store,03-11-2024,279.42,7,5.67,29.44,43
f51c8bbb-7313-4780-a0e1-da94b7570059,Electronics,East,Cash,Completed,18-24,Express,Laptop,Yes,Online,01-11-2024,249.81,2,42.55,46.49,40
9edf2704-1100-491e-997f-8530dc455312,Furniture,South,PayPal,Shipped,25-34,Standard,Smartphone,Yes,In-store,04-11-2024,81.16,7,32.5,27.7,41
467bf8e1-e509-4f97-a57f-1c51a503fa8b,Toys,North,Cash,Shipped,18-24,Standard,T-shirt,Yes,In-store,01-11-2024,187.41,2,9.05,3.33,20
5cb8fa67-1b74-437a-a114-872741942b14,Furniture,South,Credit Card,Shipped,55+,Standard,Food Item,Yes,Online,01-11-2024,406.83,7,38.47,37.52,7
89dcd049-a943-4f65-8c75-6f7f0ad704be,Furniture,East,Credit Card,Completed,25-34,Express,Laptop,No,In-store,03-11-2024,77.29,10,46.13,21.04,45
b2d71665-4199-43f8-92ea-dea296cead53,Electronics,North,Cash,Completed,55+,Same Day,Food Item,Yes,In-store,01-11-2024,339.36,6,45.87,23.38,27
deda1d90-a61c-4e7d-b26c-0cdace00ccb3,Clothing,North,Cash,Pending,55+,Standard,Chair,No,Online,04-11-2024,28.96,7,49.21,4.22,2
a2ef7c14-587c-4d96-ab3b-071552961949,Furniture,East,Cash,Completed,45-54,Express,T-shirt,Yes,Online,02-11-2024,335.91,9,35.35,18.65,23
bd630f20-f7b1-4b5c-bb29-71bcbda81180,Furniture,West,Credit Card,Shipped,25-34,Standard,Chair,No,In-store,02-11-2024,67.14,7,38.73,19,28
a72d1ea2-9d68-43c3-adee-54250b4b9963,Furniture,South,Credit Card,Completed,35-44,Express,Laptop,Yes,In-store,02-11-2024,92.12,1,9.29,38.11,10
285cd3e8-a53d-489c-83d6-89b725cc4767,Clothing,West,Credit Card,Completed,18-24,Standard,Smartphone,Yes,Online,02-11-2024,14.3,10,37.17,37.33,24
a36c1b8f-2717-4a24-b037-22349d47f165,Food,North,Cash,Completed,55+,Standard,Food Item,Yes,Online,01-11-2024,273.84,2,45.37,16.26,47
ef61db7c-87fa-4c96-af27-a5065b2e81ae,Toys,North,Cash,Completed,55+,Standard,T-shirt,Yes,In-store,01-11-2024,85.75,5,24.22,26.95,4
ed6b2de8-2b16-41fb-944a-d84393472a78,Clothing,South,Cash,Shipped,25-34,Same Day,Chair,No,In-store,05-11-2024,90.8,8,35.45,41.27,16
21b5d753-5d41-42ac-8872-e94e52de2e95,Toys,South,Credit Card,Pending,18-24,Same Day,Food Item,Yes,Online,05-11-2024,109.12,3,41.36,23.77,4
fdb462d0-2561-46bb-9e70-9a599034f098,Furniture,West,Cash,Pending,25-34,Express,Laptop,No,Online,01-11-2024,472.78,3,21.31,44.04,11
98d7b4e5-bf68-400d-bb35-80427a69d562,Furniture,South,Cash,Shipped,35-44,Express,Chair,Yes,Online,04-11-2024,366.15,6,36.7,21.52,1
88e5a9dc-f735-42c8-813e-175ae34df844,Electronics,South,PayPal,Pending,35-44,Express,Chair,No,In-store,03-11-2024,98.78,1,41.14,18.42,31
fd3080d8-bd4e-4688-974a-5b0baff22094,Furniture,North,Credit Card,Completed,25-34,Standard,Food Item,No,Online,03-11-2024,225.05,2,25.25,26.87,25
cb873cf1-a531-4420-954e-3c01a2563b04,Toys,East,Credit Card,Completed,18-24,Express,Chair,No,In-store,03-11-2024,290.86,1,10.21,4.17,1
1fc9b0b0-13d6-413d-a4ce-da7d0b05ec28,Furniture,North,PayPal,Completed,18-24,Express,Laptop,No,In-store,04-11-2024,463.32,5,47.29,12.04,39
89713467-08e2-404c-8128-03fae25c040c,Food,North,Credit Card,Completed,18-24,Express,Smartphone,No,In-store,04-11-2024,158.27,3,9.72,29,36
5f072d98-f0b2-4b04-a94f-12db4d25557c,Clothing,East,Credit Card,Pending,18-24,Standard,Smartphone,Yes,Online,02-11-2024,289.87,5,27.96,0.32,18
6c105081-b22f-44b9-9da3-31b95f173ee3,Clothing,West,Cash,Shipped,55+,Same Day,Smartphone,No,Online,03-11-2024,119.21,9,38.16,11.39,36
d37bdec0-3ca1-4347-8512-b0e8439592aa,Electronics,East,Cash,Completed,25-34,Standard,Laptop,No,In-store,03-11-2024,121.18,2,35.11,33.35,46
982f5a64-f387-4917-9d9e-7e73b1d622f5,Furniture,North,Cash,Pending,45-54,Same Day,T-shirt,Yes,Online,05-11-2024,39.89,3,7.49,44.36,48
8d299372-b0f5-4b5f-96a8-e4bad46e8f43,Clothing,East,Cash,Completed,35-44,Express,T-shirt,No,Online,02-11-2024,402.71,7,43.14,11.01,34
0bb104c6-3896-44d4-8ab9-734e242ea280,Clothing,South,Credit Card,Completed,55+,Same Day,Food Item,No,In-store,05-11-2024,178.1,7,25.1,33.35,10
878cdc26-a485-4a4d-b4d1-4fae33988605,Toys,West,PayPal,Completed,45-54,Same Day,Food Item,No,In-store,03-11-2024,49.1,6,16.84,35.03,35
645b342d-f3d4-4379-9a8d-119bfee00ee4,Furniture,North,Credit Card,Completed,35-44,Same Day,Laptop,No,Online,05-11-2024,43.1,10,10.32,13.98,30
cef923dd-9f01-49f1-9458-58c0e0f3ffbb,Clothing,East,PayPal,Pending,45-54,Same Day,Laptop,Yes,In-store,04-11-2024,362.87,7,14.4,19.45,27
58e071d7-4c14-47d5-a598-13813494e383,Food,South,PayPal,Completed,18-24,Express,Smartphone,No,Online,03-11-2024,290.35,1,21.77,22.91,1
381264c6-64f3-454a-9269-73d3a3dae8f8,Toys,West,Cash,Completed,45-54,Standard,Food Item,Yes,In-store,02-11-2024,192.14,2,8.93,2.27,39
5d7b8f3e-4942-482d-96df-2b7de2f050e4,Clothing,South,PayPal,Completed,18-24,Same Day,Food Item,Yes,Online,01-11-2024,390.72,9,22.6,24.58,46
a9176d9f-dc2d-49dc-aa28-625d0663d514,Furniture,North,Cash,Pending,25-34,Same Day,T-shirt,Yes,In-store,02-11-2024,281.95,4,18.86,20.08,39
c619edd5-de88-461a-b3c4-ccddd04381f8,Food,North,PayPal,Shipped,55+,Same Day,Food Item,No,Online,01-11-2024,78.06,4,32.81,24.84,11
4218f666-7149-404d-88b6-af7d8bebcc44,Clothing,South,Cash,Pending,45-54,Standard,Chair,No,Online,04-11-2024,476.75,4,40.21,35.8,30
39d7aafa-743e-4b3f-a679-249751b5dd6c,Electronics,North,Cash,Pending,25-34,Standard,Food Item,Yes,In-store,05-11-2024,22.39,6,28.75,13.34,26
83e99078-61d1-4695-aa65-e93b8a6c81e1,Toys,North,Credit Card,Pending,25-34,Same Day,Chair,Yes,Online,01-11-2024,104.06,4,21.96,2.09,17
db31d90d-77ae-4283-b979-4f50ea874166,Toys,North,Cash,Completed,25-34,Standard,Smartphone,Yes,Online,02-11-2024,135.08,4,38.83,10.4,32
2585db38-db31-48a5-9fd6-8824efebe23a,Clothing,North,Credit Card,Shipped,35-44,Express,Chair,Yes,Online,02-11-2024,448.42,8,42.53,18.13,20
8e8e1535-5de3-4a10-bcea-ac5d780ccfae,Clothing,North,Cash,Completed,55+,Same Day,T-shirt,No,In-store,02-11-2024,422.76,1,36.93,9.74,19
83e31fd3-cca7-4777-89ad-24b4d6b7b27f,Electronics,North,PayPal,Pending,18-24,Express,T-shirt,Yes,Online,04-11-2024,147.29,1,8.03,32.4,31
d18812b5-b35c-4592-968e-99f2a727cd20,Food,West,Credit Card,Pending,35-44,Same Day,T-shirt,No,In-store,03-11-2024,422.42,6,17.11,18.72,19
c0e1a058-9e16-49b0-8640-3653b8e96eaa,Furniture,North,Cash,Pending,55+,Same Day,Laptop,Yes,In-store,04-11-2024,200.1,10,22.77,24.48,5
d6e5c066-40a7-494a-92b9-7361f7ca0428,Toys,South,Cash,Completed,18-24,Same Day,T-shirt,Yes,Online,01-11-2024,380.74,1,16.24,23.86,28
4f5c958d-c682-490b-8a31-2cd94c64c480,Furniture,West,Cash,Pending,35-44,Same Day,Smartphone,No,Online,03-11-2024,242.93,10,29.54,31.67,45
4c7ae504-1009-4fe8-b234-40fb835397df,Clothing,North,Cash,Pending,18-24,Same Day,T-shirt,No,Online,05-11-2024,260.9,9,40.12,27.35,39
b1496292-55f3-466a-874e-cf4b2eabcb73,Toys,West,Credit Card,Completed,45-54,Standard,Food Item,No,Online,03-11-2024,251.63,7,20.98,19.48,46
bc5f3841-ad7c-4c33-950d-d44000197363,Toys,South,Cash,Shipped,55+,Express,Smartphone,No,Online,02-11-2024,470.01,9,17.32,41.31,11
ab21fe5c-8993-46c7-b3fb-523e68c1d200,Furniture,West,Credit Card,Completed,45-54,Standard,Smartphone,No,Online,03-11-2024,370.29,1,14.76,25.36,3
7a65a654-8d14-43cd-a426-921b53c166af,Food,East,PayPal,Pending,25-34,Standard,T-shirt,Yes,Online,03-11-2024,441.54,1,24.48,47,40
6cfc4f5e-bf3a-4d86-9721-23c1010cc70e,Toys,South,Cash,Pending,18-24,Same Day,Chair,No,Online,01-11-2024,359.57,7,13.87,40.66,19
d970c50b-76aa-4279-834b-d3363fe91257,Food,North,PayPal,Completed,18-24,Express,Smartphone,Yes,Online,01-11-2024,173.85,4,20.96,49.57,16
94fd86e2-1f67-4e65-9c4c-91a4bc344090,Furniture,East,Credit Card,Pending,55+,Standard,Food Item,Yes,In-store,03-11-2024,334.05,4,23.07,10.82,42
51339743-ec48-42f6-af1a-bed5a9f37585,Electronics,North,PayPal,Pending,25-34,Standard,Laptop,No,Online,02-11-2024,273.41,10,46.82,36.82,31
0cefeb01-8380-4f90-9ce2-046b96643ca6,Furniture,East,Credit Card,Completed,45-54,Express,Chair,Yes,Online,03-11-2024,104.21,8,34.25,46.96,43
4c0dd96f-e015-4c40-8131-b4df88493121,Food,West,PayPal,Pending,35-44,Standard,Chair,Yes,Online,05-11-2024,154.04,6,6.59,26.9,41
36e0e257-8118-43a5-88ee-5b4ae1900654,Toys,West,Credit Card,Pending,55+,Same Day,Laptop,Yes,Online,04-11-2024,230.08,6,24.27,7.65,23
23018444-c035-47fb-bd95-bbe4b74fa0f4,Food,North,Cash,Shipped,55+,Express,T-shirt,Yes,Online,03-11-2024,155.74,1,36.43,47.98,4
a2b831df-256a-424b-8880-f61a6f5751a2,Electronics,North,Credit Card,Pending,25-34,Same Day,T-shirt,Yes,In-store,05-11-2024,120.72,10,32.38,26.59,17
4ec66475-c128-4e58-8e16-7b1acc2ba6b0,Toys,North,Cash,Completed,35-44,Same Day,Laptop,Yes,In-store,03-11-2024,385.24,2,24.07,25.7,27
6a6bb0ed-d69b-40a3-b246-eb41c965a149,Toys,South,Cash,Pending,18-24,Express,Chair,Yes,In-store,03-11-2024,244.16,7,44.35,19.61,6
8b3a9a34-fd33-443c-b3a4-73dc808ccccd,Clothing,East,Cash,Pending,45-54,Same Day,Food Item,No,In-store,02-11-2024,38.72,5,30.5,18.52,42
372ed713-8e1e-4501-a40c-ce70a30a99a4,Furniture,North,Cash,Completed,55+,Same Day,T-shirt,Yes,In-store,05-11-2024,28.4,2,37.62,33.29,44
6c783477-0ef1-4f03-b998-75b2bac2aeac,Food,East,Cash,Shipped,55+,Standard,Chair,Yes,Online,02-11-2024,34.24,1,32.38,12.78,17
ee9c7628-3c4a-4745-b5dc-37be7a2b6c6f,Furniture,South,Cash,Pending,55+,Same Day,Smartphone,Yes,In-store,03-11-2024,431.76,6,26.79,33.84,3
6bb731d5-b490-4092-8e71-c0e769db2cf2,Furniture,West,Credit Card,Shipped,18-24,Express,Chair,Yes,In-store,05-11-2024,309.73,6,25.43,32.97,20
004aeb7f-3cb2-4265-9708-dcf6abc7c572,Toys,East,Cash,Shipped,25-34,Express,Chair,Yes,Online,05-11-2024,160.05,4,20.65,47.03,44
af1f4651-3e2d-4bcc-b860-e0676b0ffa9b,Electronics,East,Cash,Shipped,55+,Express,Food Item,Yes,Online,03-11-2024,136.26,4,30.78,43.99,20
7574c3d4-1f40-406e-8704-3d3179b49213,Clothing,West,PayPal,Shipped,45-54,Express,T-shirt,No,Online,03-11-2024,52.77,7,14.02,13.22,43
b8d20ba6-4d3d-4cf7-9fc1-f2cd037cceb7,Toys,North,Credit Card,Pending,45-54,Standard,Smartphone,No,Online,05-11-2024,230.95,4,18.94,5.77,11
487055e9-a9b4-4ca3-b3dc-f1caaeecd6cd,Toys,West,PayPal,Shipped,35-44,Standard,T-shirt,No,Online,04-11-2024,362.3,1,5.06,43.03,34
58cf311c-d14e-46e9-8ae5-0b9caa813067,Electronics,East,Cash,Completed,25-34,Same Day,Laptop,No,Online,01-11-2024,212.9,8,18.56,20.84,21
4c12a099-de11-490e-9322-1a52294433ae,Food,North,PayPal,Completed,55+,Standard,Laptop,No,Online,05-11-2024,335.63,2,29.82,20.93,36
f94bec5d-1b54-4e15-998d-6bb4a5b6481e,Toys,North,Credit Card,Pending,18-24,Standard,Food Item,Yes,In-store,03-11-2024,138.36,5,40.34,15.45,38
e8b7642d-802c-443a-9af8-9ccb97850f47,Electronics,East,Cash,Pending,55+,Standard,Smartphone,Yes,In-store,01-11-2024,497.06,8,49.37,5.53,45
39cfbd09-e75f-414b-87e7-341e13674395,Furniture,East,Cash,Pending,25-34,Standard,Laptop,No,In-store,04-11-2024,178.27,5,30.19,4.77,3
54becaf4-28df-44b0-b723-62911f88c9a7,Food,North,PayPal,Shipped,55+,Standard,Smartphone,No,Online,03-11-2024,69.64,6,10.94,7.06,2
d71094c0-e9af-4d93-bb53-e2de394809e8,Electronics,West,Credit Card,Pending,18-24,Standard,Chair,Yes,Online,03-11-2024,323.86,8,13.57,47.97,47
2fddfac9-0151-40e3-9770-5b8a67521aa9,Food,East,PayPal,Completed,25-34,Same Day,Food Item,Yes,Online,01-11-2024,304.49,9,25.59,27.27,32
b686dd60-b0ad-4a71-8bab-f03f4fb82d43,Electronics,West,PayPal,Completed,45-54,Standard,T-shirt,No,Online,03-11-2024,336.52,10,34.44,34.9,36
b7ede79f-8335-426f-86df-45e1e927a341,Toys,South,Cash,Pending,25-34,Standard,Chair,Yes,Online,04-11-2024,291.05,1,8.01,35.27,42
8cfe0722-fe38-4c58-9059-0ff91f61b7c3,Toys,West,PayPal,Shipped,35-44,Express,Smartphone,Yes,In-store,04-11-2024,48.16,3,21.16,1.67,28
91be4ef9-06bd-4c5f-9f7d-eeca1eb5be8d,Clothing,East,PayPal,Shipped,55+,Same Day,Laptop,No,Online,03-11-2024,164.37,8,33.16,14.97,2
93316e40-da56-46ad-ab67-61db1de2ed77,Food,North,Credit Card,Pending,18-24,Same Day,Smartphone,No,Online,03-11-2024,152.66,9,37.41,15.04,43
4b81ae5c-f58e-4ec3-881c-be053ef69080,Electronics,North,PayPal,Pending,45-54,Standard,T-shirt,Yes,In-store,02-11-2024,263.69,8,7.01,46.4,35
10036fbf-2bd9-4e7e-bef9-693ba45c7f98,Clothing,East,Credit Card,Completed,18-24,Standard,Chair,Yes,Online,05-11-2024,190.33,3,15.28,30.68,16
e5112632-1123-4104-80e7-f07d02fedec5,Furniture,East,Cash,Shipped,25-34,Same Day,Laptop,Yes,Online,01-11-2024,146.83,8,21.85,10.94,23
43597284-8758-451a-b9b9-f224273c66d5,Electronics,North,Cash,Pending,35-44,Same Day,Smartphone,No,In-store,05-11-2024,444.26,9,6.3,42.48,12
8537dc0f-078d-46a5-b7ac-ad7f939e6309,Clothing,North,PayPal,Completed,45-54,Express,Food Item,No,In-store,05-11-2024,247.13,6,17.42,21.05,25
12f8bf3e-a3c1-489a-a791-06183b042271,Electronics,North,Credit Card,Completed,18-24,Standard,T-shirt,No,Online,01-11-2024,438.08,3,8.21,36.86,15
8f16de04-57cf-442d-abad-f6ff7a8a93a8,Electronics,North,Cash,Completed,55+,Standard,Food Item,Yes,Online,04-11-2024,12.15,6,32.6,47.71,15
af9e6520-c858-424f-8582-c7fafe71a4df,Electronics,North,Cash,Completed,25-34,Standard,Food Item,Yes,Online,02-11-2024,25.11,1,34.61,25.61,45
fb24a8ab-be69-4715-b96e-6e8aedf20ea1,Clothing,East,Cash,Completed,55+,Express,Chair,No,Online,05-11-2024,312.24,8,49.46,20.63,13
3fecd135-f013-4c62-b44b-d9f578c55c5b,Clothing,North,Credit Card,Shipped,45-54,Express,Laptop,Yes,Online,03-11-2024,348.63,8,7.76,45.68,43
6f0d5673-b587-4ab1-aab1-1be268208d92,Toys,South,Credit Card,Pending,35-44,Express,Food Item,No,Online,01-11-2024,441.89,9,22.92,17.92,30
664468bf-2a17-4811-bce3-5960441641ce,Food,East,Cash,Shipped,35-44,Express,Food Item,No,In-store,01-11-2024,230.76,7,23.95,3.13,40
c873a4e4-0a83-4b3e-8939-ae1b3918ee80,Food,North,Cash,Completed,18-24,Same Day,Chair,No,In-store,01-11-2024,191.17,9,28.76,19.64,42
7424b2d0-91ba-455d-80e7-4cabed5e123d,Furniture,West,Cash,Pending,35-44,Same Day,T-shirt,No,Online,05-11-2024,498.65,1,44.46,41.44,25
19373cbb-a70e-45a9-bae6-c1abb611e474,Food,South,PayPal,Shipped,35-44,Express,Smartphone,Yes,In-store,03-11-2024,198.09,7,35.53,35.94,37
e1d9f11a-1a54-4d78-ba70-e4ed810f51fd,Toys,North,PayPal,Completed,18-24,Express,Chair,Yes,In-store,04-11-2024,192.61,5,41.06,8.43,32
95971576-36e5-40a8-9916-7d52da4d7a77,Electronics,West,PayPal,Shipped,18-24,Standard,T-shirt,Yes,In-store,02-11-2024,62.58,5,37.38,26.05,5
01d177f1-276f-41c8-8366-2d3ce70edac5,Electronics,South,Credit Card,Shipped,55+,Express,Laptop,No,In-store,01-11-2024,149.35,10,24.41,3.59,27
0cd3da50-943c-472a-b63f-3f5b2bc7b9b5,Clothing,South,PayPal,Completed,45-54,Standard,Laptop,Yes,In-store,02-11-2024,194.18,3,6.73,28.9,12
e201a5a0-a9c5-4269-8ce6-a5fcf17768c1,Electronics,North,Cash,Pending,18-24,Express,Food Item,Yes,In-store,04-11-2024,339.92,10,28.5,25.68,35
1681c115-194c-4652-8bac-851b6a8273f8,Furniture,South,Cash,Completed,55+,Standard,Chair,Yes,In-store,04-11-2024,54.71,8,22.55,15.88,18
621af926-2abf-4442-bc3e-a00ef69afe99,Furniture,East,Credit Card,Pending,18-24,Same Day,Laptop,No,Online,02-11-2024,492.36,5,16.59,0.49,4
36628e8a-f861-424a-8922-5f9570aa5f9d,Clothing,East,Credit Card,Shipped,25-34,Express,Smartphone,No,Online,03-11-2024,297.72,10,11.55,25.12,21
1811eaf6-2ae5-4d6a-9230-1d69d5227262,Toys,East,PayPal,Pending,18-24,Express,Laptop,No,Online,02-11-2024,209.19,7,20.65,23.79,12
ddc452d4-9db6-4173-9db1-6dea9957ffad,Clothing,East,PayPal,Pending,35-44,Express,Laptop,No,Online,02-11-2024,170.1,5,31.27,33.15,9
ca6d4c21-89dd-4e30-80f3-683fbbf71f8c,Electronics,East,PayPal,Completed,55+,Standard,Laptop,Yes,In-store,04-11-2024,29.36,2,22.77,16.41,21
b94bbf48-2924-4761-b142-572f5e706f58,Food,South,PayPal,Pending,55+,Standard,Smartphone,No,In-store,05-11-2024,129.74,6,29.74,39.05,31
c609a46a-742d-467a-8ccc-ea9e3f269466,Toys,East,PayPal,Completed,35-44,Same Day,T-shirt,No,In-store,01-11-2024,438.54,10,31.04,26.56,41
9c58e17c-578d-4325-b46f-66c743f7990b,Clothing,West,Cash,Shipped,55+,Express,T-shirt,No,In-store,02-11-2024,124.95,8,24.18,45.17,27
4a4c017c-6af7-467a-8b12-2b47b4c4beb2,Electronics,North,Credit Card,Completed,45-54,Standard,T-shirt,Yes,Online,02-11-2024,306.15,8,20.43,38.7,7
ff8022fc-3a31-4c49-aaf6-cc1e8c59a4fb,Clothing,West,Cash,Completed,55+,Express,Chair,Yes,Online,04-11-2024,257.72,8,18.31,38.05,10
3e6409f8-e4bb-4293-9a82-7b07e13cb17f,Toys,East,Cash,Shipped,25-34,Express,T-shirt,Yes,Online,04-11-2024,346.57,9,15.71,31.66,13
ab929fc1-aefc-4df9-805e-a023dd9d5d54,Clothing,East,Cash,Pending,55+,Express,Food Item,Yes,In-store,04-11-2024,114.05,7,12.3,30.68,21
b02c3937-2979-4a24-a588-7fefe1f70647,Furniture,North,Cash,Pending,35-44,Standard,Chair,Yes,In-store,01-11-2024,28.85,3,28.92,43.36,8
e0641698-bcdd-40cc-b668-14aec401f41e,Toys,North,Cash,Completed,25-34,Express,T-shirt,No,In-store,01-11-2024,494.86,5,46.53,47.41,31
53d9f953-9ef4-48cb-b5b6-fd2aede9a720,Clothing,East,Cash,Shipped,55+,Same Day,Food Item,No,In-store,02-11-2024,186.13,10,16.36,21.27,3
9644a327-7b81-49dd-b463-6a6c887716a7,Electronics,South,Credit Card,Completed,25-34,Express,T-shirt,Yes,In-store,03-11-2024,457.06,6,43.02,1.39,38
094f73c1-25fa-4888-bfb3-9d5a44cecbaa,Clothing,South,Cash,Pending,18-24,Same Day,Food Item,No,Online,04-11-2024,257.61,4,28.67,21.03,36
92fdb876-9890-4456-a974-c24bbeab762e,Food,North,Credit Card,Shipped,18-24,Express,Smartphone,No,In-store,01-11-2024,468.12,5,8.81,42.88,47
b04f6075-f141-4677-b8dc-584408cff070,Electronics,South,Cash,Pending,45-54,Standard,Smartphone,No,In-store,05-11-2024,113.01,10,27.5,0.63,38
efbead1e-f875-455a-be7f-298b51235443,Food,West,Cash,Shipped,25-34,Express,Laptop,No,In-store,02-11-2024,226.81,1,30.36,26.12,4
2a2c613a-4964-4bb0-9ba1-83deff734846,Food,East,Credit Card,Shipped,55+,Standard,Food Item,Yes,Online,02-11-2024,153.88,10,14.06,47.48,17
82996b4d-b3a3-49ad-b494-821c707a6342,Electronics,West,Credit Card,Shipped,55+,Standard,Smartphone,No,In-store,04-11-2024,415.26,8,38.49,37.16,2
5943cb36-117e-49d9-9a57-4eddfa463fc1,Food,North,Cash,Completed,35-44,Express,T-shirt,Yes,Online,01-11-2024,213.81,2,26.3,19.08,22
15384d3d-cfcd-4eb4-b23c-e8c59d4ed9f0,Electronics,South,PayPal,Pending,45-54,Same Day,Food Item,No,Online,05-11-2024,313.9,3,42.79,35.11,48
081d3bab-90b8-4675-a564-0f42895c18f5,Furniture,West,Cash,Completed,55+,Standard,T-shirt,No,Online,03-11-2024,496.95,7,35.39,13.5,22
2d22b15c-8a43-43fa-bad4-54e8d39753de,Toys,North,Credit Card,Pending,25-34,Same Day,Laptop,Yes,In-store,01-11-2024,210.12,3,31.9,38.3,9
9d752eb0-c408-4578-a02f-6314ad51d5a1,Toys,East,PayPal,Shipped,18-24,Same Day,T-shirt,Yes,In-store,03-11-2024,146.91,2,18.45,14.61,27
561bf494-9e4f-4b2d-943e-65caecd60a38,Clothing,East,Cash,Shipped,35-44,Same Day,T-shirt,No,Online,01-11-2024,272.41,8,31.26,15.4,34
cc92159c-7db0-4e8d-aebc-1c1c8e7f1576,Electronics,East,PayPal,Shipped,18-24,Same Day,Laptop,Yes,In-store,04-11-2024,20.44,1,23.16,4.83,44
24f3ac2f-555a-4778-b1de-ce0b44e0a613,Clothing,East,Credit Card,Shipped,35-44,Standard,T-shirt,Yes,Online,02-11-2024,214.44,1,6.95,37.55,26
f0acbb23-eca7-4e90-abb4-eeeb32a458f6,Electronics,South,PayPal,Pending,45-54,Express,Food Item,Yes,In-store,02-11-2024,70.22,2,48.26,28.84,31
1ad5ee78-239c-4a71-8395-6019342e02f0,Furniture,South,PayPal,Pending,18-24,Same Day,Laptop,No,In-store,01-11-2024,415.2,10,30.13,24.13,28
4a2f3f8a-a8e0-4895-8581-2b4a5f2e0e29,Toys,West,Cash,Shipped,45-54,Standard,Smartphone,Yes,Online,05-11-2024,158.23,8,19.15,44.1,3
c4c4c00e-6a66-4207-9452-eaf8f07951fb,Clothing,East,PayPal,Pending,55+,Standard,Food Item,Yes,Online,04-11-2024,179.9,4,42.58,7.39,44
5c15c168-aa98-4ac2-81d7-19494e553bd0,Clothing,West,Cash,Completed,25-34,Express,Smartphone,Yes,In-store,02-11-2024,38.37,2,30.92,11.67,2
76cd3cdc-60ae-44dd-9c09-24853408a180,Toys,West,PayPal,Shipped,18-24,Express,Food Item,No,In-store,02-11-2024,254.76,1,14.91,45.54,13
7c7b5fcc-0538-42b3-a98c-db9b1f7c6e0f,Clothing,North,Cash,Completed,55+,Standard,Smartphone,Yes,Online,04-11-2024,315.24,8,6.25,19.4,47
70f4d70a-ed06-4083-92ed-23ac86105c1e,Electronics,West,Credit Card,Shipped,55+,Same Day,Smartphone,No,In-store,01-11-2024,447.61,7,49.11,43.31,31
b8546ae7-07e7-4492-86f6-3973b2c11dc6,Food,South,Cash,Pending,18-24,Same Day,T-shirt,No,In-store,04-11-2024,288.19,8,32.44,3.99,26
1e9d0bb3-05ca-4e8c-9ae9-9984b7d962a5,Electronics,South,PayPal,Shipped,55+,Same Day,Laptop,Yes,In-store,03-11-2024,312.54,4,44.1,48.72,25
3dd07b4d-de9a-46bf-a8cd-0e3efda12284,Electronics,West,PayPal,Completed,25-34,Express,Smartphone,No,In-store,03-11-2024,347.67,1,40.07,20.36,30
406a4f61-73e2-41ee-a79d-19602a30b844,Toys,South,PayPal,Completed,18-24,Same Day,Food Item,Yes,Online,02-11-2024,228.99,9,40.77,25.62,17
c3680d61-a126-46cd-9d91-59486cbd86bd,Food,West,Cash,Shipped,45-54,Same Day,Chair,No,Online,02-11-2024,446,7,45.2,22.34,22
7f6b507c-291d-4d08-bbf1-aac7f6d5703e,Furniture,East,PayPal,Pending,25-34,Standard,Food Item,Yes,Online,01-11-2024,151.81,5,41.38,34.63,18
6191c3eb-24ff-47fb-96a6-11b9b28bdcd1,Food,North,PayPal,Completed,25-34,Same Day,T-shirt,No,Online,05-11-2024,267.6,6,11.08,2.08,39
2a37b40c-a80d-4dec-a138-0143e8b4c447,Clothing,West,Cash,Pending,45-54,Express,T-shirt,No,Online,02-11-2024,360.5,5,20.99,18.31,10
71a8f965-0ff6-4928-98d5-fd819af4ce14,Clothing,West,Cash,Completed,35-44,Standard,Chair,No,Online,04-11-2024,371.45,3,40.25,30.42,9
5d428938-c700-42db-8df5-e110fc7b8fb2,Electronics,South,PayPal,Completed,25-34,Express,T-shirt,Yes,Online,02-11-2024,128.96,6,9.85,44.5,48
65d11291-8f08-491f-bf9a-16bf78c37f20,Food,West,PayPal,Completed,35-44,Same Day,Chair,Yes,In-store,05-11-2024,324.84,4,38.93,35.49,34
517b4f6f-e028-44e4-a91f-029f4996bea1,Food,North,PayPal,Pending,35-44,Same Day,Food Item,No,In-store,01-11-2024,221.97,9,46.06,13.31,29
385ec68c-ab23-49ee-ad46-a95dcea064cd,Electronics,East,PayPal,Pending,35-44,Standard,Food Item,No,In-store,02-11-2024,494.28,9,13.74,43.07,16
98910b38-9a9c-43fd-a8cd-97f4cc91ff1b,Toys,West,Cash,Shipped,45-54,Express,Laptop,Yes,Online,02-11-2024,410.78,5,39.06,18.71,14
36bd4d6c-09e1-448f-b2b9-9fe57b69a7b5,Toys,North,Cash,Completed,18-24,Standard,Laptop,No,In-store,04-11-2024,249.81,4,39.12,46.98,29
d2a52ed4-33dd-4aa4-974b-921b0306a395,Electronics,East,Credit Card,Pending,35-44,Same Day,Chair,Yes,In-store,04-11-2024,447.38,3,33,20.69,42
e9197d83-ab91-4fa1-bd1a-c465d3fc4727,Clothing,North,Credit Card,Pending,55+,Same Day,Chair,No,Online,05-11-2024,369.58,9,13.7,42.6,46
7c7a09b0-50a7-459a-a618-9baa02c0a615,Toys,West,Credit Card,Shipped,55+,Standard,Food Item,Yes,In-store,03-11-2024,87.15,1,48.26,43.03,36
7a3cfa45-eb98-488d-9058-899310489486,Food,West,PayPal,Completed,45-54,Express,T-shirt,No,In-store,05-11-2024,213.72,2,20.96,18.01,42
1089c60d-57b0-4d39-bdcc-238f226a90e9,Clothing,North,Cash,Pending,18-24,Standard,Chair,No,In-store,01-11-2024,199.19,8,15.83,38.37,17
c3db55d6-bd7b-4af1-9756-52c2b80219f2,Furniture,South,PayPal,Pending,45-54,Standard,T-shirt,Yes,In-store,01-11-2024,62.93,10,24.86,7.21,28
eaded01c-f168-4197-932f-ef31e3310508,Clothing,South,Credit Card,Pending,45-54,Same Day,Chair,No,Online,02-11-2024,183.02,3,36.14,8.71,19
4746c71b-01e8-4c3c-a38d-1f4d223cd155,Electronics,West,PayPal,Pending,45-54,Same Day,T-shirt,No,Online,01-11-2024,209.53,2,38.69,18.95,14
9479d2ce-e7dc-4e1f-ae9a-3955de345460,Food,North,PayPal,Completed,18-24,Standard,T-shirt,Yes,Online,02-11-2024,96.92,5,5.4,5.32,2
4c8b9d1c-cf02-4503-b7ef-ed856256ac4b,Electronics,North,Credit Card,Pending,18-24,Same Day,Food Item,Yes,Online,05-11-2024,486.96,8,18.58,22.7,27
4af8f442-1b3b-4470-bd90-93eb670bf146,Clothing,West,Credit Card,Completed,18-24,Same Day,T-shirt,Yes,Online,01-11-2024,475.63,3,35.86,5.52,45
cd69ec6c-3b22-4e75-bc67-4eeed85c4269,Food,South,PayPal,Completed,35-44,Same Day,Smartphone,No,Online,01-11-2024,14.68,4,43.22,28.86,37
123db3a0-8fb3-4d6b-942c-fbe79b5c349a,Food,South,Credit Card,Shipped,45-54,Express,Laptop,Yes,Online,04-11-2024,223.03,3,27.83,44.87,15
c847e695-51f9-45d0-b188-e865bb6b73fa,Furniture,West,PayPal,Completed,45-54,Standard,T-shirt,No,In-store,02-11-2024,76.79,3,32.55,25.67,47
178df711-7deb-43d1-99d2-35e46d9965ed,Electronics,North,Cash,Shipped,55+,Standard,T-shirt,Yes,Online,05-11-2024,201.51,5,49.09,24.5,27
1df80339-b648-4ef6-b8c8-c28b523fc492,Toys,West,Cash,Shipped,35-44,Standard,Laptop,No,Online,05-11-2024,232.73,8,42.65,3.03,8
be41f003-353f-461b-8c2a-b1940389b301,Electronics,East,Credit Card,Completed,35-44,Express,Smartphone,Yes,Online,01-11-2024,135.89,3,5.4,38.52,44
60e9df73-7780-44bc-8c86-cda9d8578fb0,Furniture,North,Credit Card,Shipped,55+,Same Day,Smartphone,Yes,In-store,03-11-2024,414.09,1,42.75,15.98,46
b7a01108-79cc-4aba-9b35-3a2ff83c8f45,Toys,West,Credit Card,Pending,25-34,Standard,Laptop,Yes,Online,05-11-2024,470.28,7,14.31,44.75,27
d3e2cbcf-bbe0-4985-98c7-94dca61ee1db,Electronics,West,Cash,Shipped,25-34,Standard,Chair,No,In-store,02-11-2024,180.74,10,45.35,8.29,34
5865bd94-e80d-4b1e-a5e9-d77b943c5b26,Furniture,North,PayPal,Pending,55+,Standard,Laptop,Yes,In-store,01-11-2024,274.55,6,11.18,35.39,35
b55e9638-0d29-4874-a011-484467bb5d3b,Furniture,East,PayPal,Completed,45-54,Same Day,Chair,No,In-store,05-11-2024,373.92,5,22.38,4.53,26
426190df-bbf7-4687-b8dc-7a6861bc4294,Toys,East,Cash,Completed,55+,Express,T-shirt,No,In-store,04-11-2024,426.56,8,30.53,34.32,22
c162cf3a-a92e-472f-983f-f939e7943a48,Food,East,PayPal,Pending,25-34,Express,T-shirt,Yes,Online,02-11-2024,211.79,5,20.67,18.02,47
c498d69d-736e-4d81-b10f-fd1c3cad07d0,Clothing,North,Credit Card,Pending,18-24,Same Day,Food Item,Yes,Online,02-11-2024,356.08,10,5.25,41.69,12
c0714606-30fd-48c0-9fc5-293b9dd65fd0,Food,North,Cash,Pending,55+,Same Day,Food Item,Yes,In-store,03-11-2024,153.97,6,11.95,46.19,29
894f8223-a06f-458c-9fe0-4126378be388,Toys,North,PayPal,Pending,35-44,Same Day,Chair,Yes,Online,02-11-2024,288.32,9,18.71,31.67,7
e5d7b719-f0a6-4b24-8c64-5d7f490c27f3,Food,South,Credit Card,Completed,35-44,Express,Laptop,Yes,In-store,05-11-2024,352.97,7,28.25,12.19,29
64f95e29-d1f6-4830-b92e-0fab0d58dea9,Food,North,PayPal,Completed,55+,Same Day,Smartphone,Yes,In-store,01-11-2024,312.19,1,33.68,25.77,25
bde11acb-d835-4829-80c2-1c6daed63b44,Clothing,South,PayPal,Shipped,45-54,Standard,T-shirt,Yes,In-store,03-11-2024,476.22,2,40.79,19.91,39
e16faba2-1985-4da8-9cde-64afa4d3aec9,Electronics,East,PayPal,Pending,35-44,Same Day,Food Item,No,In-store,02-11-2024,483.96,4,39.99,9.26,32
2bd2338b-6a79-4165-a698-248d9372f046,Toys,West,Cash,Pending,45-54,Same Day,T-shirt,Yes,In-store,02-11-2024,110.69,10,49.39,7.36,41
581025ef-5701-4d41-b9e4-511e10d6fc67,Electronics,West,Cash,Shipped,45-54,Standard,T-shirt,Yes,In-store,05-11-2024,257.78,2,42.25,38.81,5
7f6993f1-0e46-404c-acc9-a604a267c968,Food,West,Credit Card,Shipped,45-54,Express,Chair,No,In-store,03-11-2024,146.62,2,12.27,47.09,37
5d0121d1-7900-4189-916d-56d2efce5ea4,Toys,North,Cash,Shipped,18-24,Standard,Laptop,No,Online,03-11-2024,327.69,2,30.28,39.3,38
efce6bb8-ecc8-4116-8156-c03e60ef4489,Furniture,South,PayPal,Completed,45-54,Express,Smartphone,No,In-store,04-11-2024,112.13,6,10.7,9.43,36
2a6e46e8-fa56-4bb1-957a-0087e4e410bb,Electronics,West,PayPal,Shipped,18-24,Same Day,Chair,Yes,In-store,02-11-2024,410.64,3,19.45,35.42,36
604d5276-62e1-4205-b435-832790decba8,Furniture,East,Cash,Pending,55+,Standard,Laptop,Yes,In-store,03-11-2024,258.46,2,39.25,10.88,10
a50b6ff4-5ba1-4299-9e36-6046f76c8a48,Food,North,PayPal,Pending,55+,Express,Smartphone,Yes,Online,01-11-2024,349.91,4,26.35,13.83,13
532cf953-0a6c-455f-b1a4-a034b7f06c13,Furniture,East,Credit Card,Pending,35-44,Express,Smartphone,No,Online,01-11-2024,21.13,1,19.46,2.2,5
6594d9db-febc-4a04-88ac-e38c105b7386,Food,West,Cash,Shipped,25-34,Same Day,Food Item,No,In-store,01-11-2024,74.72,5,14.25,17.47,40
9a70ed2f-5144-4500-a58f-06d0d8c8e302,Furniture,West,PayPal,Pending,35-44,Express,Smartphone,No,Online,04-11-2024,254.78,10,49.21,6.23,6
4980e676-7909-4854-8cf3-5f8b2ef1a918,Food,South,PayPal,Shipped,55+,Same Day,Laptop,Yes,In-store,04-11-2024,341.31,1,10.71,36.49,15
a360c118-cdcb-45a2-a3ac-d260ed336a80,Furniture,West,Credit Card,Pending,25-34,Express,Food Item,No,In-store,04-11-2024,110.35,10,36.03,1.98,1
26aaaed9-44c9-4722-a621-11d34c739114,Electronics,East,Credit Card,Shipped,35-44,Same Day,T-shirt,No,In-store,03-11-2024,350.97,10,33.37,30.61,38
5deb62f0-5f1f-43de-abea-a81308e467b6,Electronics,West,Cash,Pending,45-54,Same Day,Laptop,No,In-store,04-11-2024,162.45,5,8.44,23.34,35
9e78e6fa-e86a-4da2-bb27-2adc45510d51,Food,East,Cash,Pending,25-34,Same Day,Chair,No,In-store,02-11-2024,320.48,8,43.89,1.16,43
72b32b70-0152-42d4-8938-b00c9593651f,Clothing,West,Cash,Shipped,45-54,Standard,T-shirt,No,Online,01-11-2024,485.35,9,29.65,27.4,37
156b3ca6-d8ef-4fc4-a4fa-36de08b94833,Toys,West,PayPal,Pending,55+,Same Day,Smartphone,No,In-store,01-11-2024,446.86,6,29.83,24.66,16
554e5a3d-a6e2-4b52-8a39-9b019e1cbe78,Food,South,Credit Card,Completed,45-54,Same Day,Laptop,No,In-store,01-11-2024,358.27,1,29.8,14.89,12
923c679f-654c-4dbb-817d-3e1d0b2942ac,Food,West,Credit Card,Shipped,55+,Same Day,Chair,Yes,Online,02-11-2024,284.06,1,11.05,41.94,3
fe39ea88-eeb5-40cb-aa88-f102681b0b6b,Toys,West,Credit Card,Completed,55+,Express,Food Item,No,In-store,04-11-2024,496.92,8,46.71,24.67,5
3dee46e6-e850-496c-9551-0178073f5dff,Furniture,North,Credit Card,Completed,45-54,Same Day,Smartphone,Yes,In-store,04-11-2024,67.29,8,8.96,41.61,36
cff1a2c8-14d9-4778-aba4-702c35c3fb21,Clothing,West,Cash,Completed,45-54,Standard,Chair,No,In-store,05-11-2024,314.31,4,49.36,41.86,42
595aa073-d17d-42f3-9dc7-15663b202975,Electronics,West,PayPal,Pending,55+,Express,T-shirt,No,Online,03-11-2024,27.18,6,17.85,13.44,46
3e92fb79-5c0a-4d5c-bf4c-e9bba5077e86,Furniture,North,Cash,Shipped,35-44,Express,T-shirt,No,In-store,04-11-2024,106.68,9,42.93,38.91,25
ee50ebd4-caf7-4286-8e6d-f9ed838dcd35,Electronics,North,PayPal,Pending,25-34,Same Day,T-shirt,No,Online,05-11-2024,63.89,10,21.51,7.62,38
3cf52424-866f-4104-aa90-123781207347,Clothing,South,Credit Card,Shipped,18-24,Express,Laptop,No,In-store,04-11-2024,73.23,6,11.41,40.78,15
07cde8a1-f544-4726-8ac2-a97e79b5faa6,Food,South,Credit Card,Shipped,45-54,Express,Chair,Yes,Online,02-11-2024,223.89,9,32.89,12.5,44
e32ca96c-2d39-4d1d-a917-f707abcdf205,Clothing,North,PayPal,Pending,25-34,Standard,Chair,Yes,In-store,01-11-2024,275.41,6,12.77,9.53,14
12390cba-6e25-462f-91c1-21914ba5455c,Clothing,West,Cash,Shipped,35-44,Express,Laptop,No,Online,02-11-2024,186.17,2,14.13,40.59,16
07a69629-6830-429e-82b7-2be7022f549d,Food,East,Credit Card,Pending,18-24,Same Day,Chair,Yes,In-store,05-11-2024,441.05,6,26.91,22.88,29
1b6d815d-a971-4d32-9e06-7e8ccc925917,Toys,South,PayPal,Pending,25-34,Same Day,Food Item,Yes,Online,02-11-2024,438.18,9,31.3,36.83,42
cb0d5c18-4c1c-4579-9277-c20b937b4a59,Furniture,East,Cash,Shipped,25-34,Same Day,Chair,No,Online,04-11-2024,88.9,4,13.5,9.54,27
fb0fb902-dd5f-4822-a913-f8e667a1ca95,Clothing,West,PayPal,Shipped,55+,Standard,Smartphone,Yes,Online,05-11-2024,232.39,9,18.72,4.84,20
e9740075-ef11-4f5f-9514-c407ee5a8ed3,Food,East,Cash,Shipped,35-44,Same Day,Chair,No,In-store,01-11-2024,472.13,3,23.54,18.55,5
6b878d51-a12b-4970-abd7-5a69485bd810,Clothing,West,Cash,Pending,25-34,Same Day,Smartphone,Yes,In-store,03-11-2024,368.46,6,37.79,14.74,23
6b554d90-3865-4eac-8e9b-3ac495552e04,Toys,West,Cash,Pending,18-24,Same Day,Food Item,Yes,Online,04-11-2024,57.18,9,15.65,21.74,40
2be8515d-2bf3-4e39-9f26-d8dafa3189ec,Electronics,South,Cash,Completed,25-34,Same Day,T-shirt,Yes,Online,05-11-2024,51.13,3,29.82,34.03,20
08a61e36-c283-4dd8-b9f8-fd247bdae081,Toys,West,Cash,Shipped,18-24,Express,Smartphone,No,In-store,05-11-2024,31.18,2,44.45,7.55,12
7419fabd-97c3-4dfa-b8bb-404502e7f773,Clothing,South,Cash,Completed,45-54,Standard,Smartphone,Yes,Online,05-11-2024,258.9,5,19.03,10.71,39
038e6c2d-2ec1-4185-96f4-e83fcbfc370d,Clothing,North,Credit Card,Pending,25-34,Express,Smartphone,Yes,Online,03-11-2024,53.38,8,13.64,37.03,13
9834b201-c1ae-4e65-9ded-570ede1c5e0d,Clothing,North,Cash,Shipped,25-34,Same Day,Smartphone,Yes,In-store,02-11-2024,340.28,3,44.62,23.23,43
48b8fde9-ecd5-44d2-a9a0-053b3eaf834f,Furniture,West,Cash,Shipped,18-24,Same Day,T-shirt,No,In-store,04-11-2024,43.06,9,11.27,12.6,31
43ecceec-9ff7-4ed0-bf1c-0818cf913680,Furniture,East,Credit Card,Completed,45-54,Same Day,Laptop,Yes,Online,04-11-2024,471.31,3,40.01,4.14,4
6c2aafa8-f401-4062-8530-5f300a6ef8fc,Clothing,South,Cash,Shipped,25-34,Express,Food Item,No,Online,03-11-2024,124.07,7,25.89,41.92,28
935c99a1-16e6-4ad8-8b92-054b1e208fce,Food,West,Cash,Shipped,18-24,Same Day,Chair,No,In-store,04-11-2024,232.79,8,31.61,25.16,30
4e1d0e9f-04b6-4280-ba1f-0037e2a11a83,Clothing,West,Credit Card,Pending,25-34,Express,Food Item,Yes,Online,03-11-2024,314.67,7,30.2,13.7,12
f3789ae8-e693-4ef9-bb44-4177d03406af,Toys,West,Credit Card,Shipped,35-44,Same Day,Laptop,No,Online,05-11-2024,453.29,6,31.89,26.61,39
ba736ce8-9c83-4029-9e39-5ed6769b8dce,Clothing,West,Credit Card,Pending,35-44,Express,Chair,No,Online,05-11-2024,337.55,6,35.85,24.54,22
8028a97f-8152-4ffd-8a76-ad012f39987b,Electronics,West,PayPal,Completed,45-54,Same Day,Smartphone,Yes,Online,02-11-2024,43.59,2,41.7,16.18,24
0b8d8dd1-892b-41b7-be7e-3f90ae6617c7,Electronics,South,Credit Card,Completed,18-24,Same Day,Chair,No,Online,05-11-2024,333.08,2,42.25,23.69,40
8b433374-3fa6-4aad-930d-e4a5e93eaf4d,Electronics,North,Credit Card,Pending,35-44,Standard,Smartphone,No,Online,02-11-2024,155.21,8,24.68,3.6,20
c585776c-1326-49ef-be9b-a07568322b99,Furniture,East,PayPal,Completed,18-24,Express,T-shirt,Yes,In-store,03-11-2024,95.33,4,41.51,17.55,17
9d075cfa-4287-49bf-81a6-04c21b315cc1,Electronics,West,Credit Card,Completed,25-34,Express,Laptop,No,In-store,04-11-2024,299.88,1,33.69,2.65,37
356f9294-3b9e-4910-9b4b-41f9651f2b4b,Toys,North,Cash,Shipped,55+,Same Day,Laptop,Yes,In-store,03-11-2024,299.02,1,20.66,13.6,44
a16795fc-3317-421e-b2b2-b8ab9a9692fb,Clothing,North,Credit Card,Completed,25-34,Standard,Food Item,No,Online,01-11-2024,389.68,10,15,14.48,41
b2422b46-ff9e-4497-ab92-14d1d929a72c,Furniture,West,Credit Card,Shipped,55+,Express,Smartphone,No,In-store,02-11-2024,186.48,8,35.86,43.14,43
6a0b8af8-745c-4f81-bf53-9940b5e61611,Food,West,Credit Card,Shipped,25-34,Standard,T-shirt,No,Online,04-11-2024,319.79,2,16.97,14.25,41
8fac58fd-fbbb-4eef-a639-85632876fffe,Electronics,East,Credit Card,Completed,45-54,Standard,Chair,Yes,Online,02-11-2024,25.05,3,31.75,8.99,2
27630073-0f9b-4c7c-9111-2a1e53555882,Toys,North,Cash,Shipped,25-34,Express,T-shirt,Yes,In-store,01-11-2024,240.2,8,15.48,15.02,41
5b3cb079-212b-4575-97f0-938641066c32,Food,North,Cash,Completed,45-54,Standard,Smartphone,Yes,Online,05-11-2024,423.03,5,21.94,10.52,24
48170322-fa66-440a-b900-eec53747049d,Furniture,North,Cash,Shipped,25-34,Same Day,Laptop,Yes,Online,02-11-2024,249.5,5,45.66,4.81,25
b4845614-cf8a-4bcf-926f-40bc5208433e,Furniture,East,PayPal,Shipped,45-54,Same Day,Chair,No,Online,05-11-2024,477.76,7,45.24,48.67,27
7001e7a6-4fe8-4ee3-9b57-c527799e6327,Food,West,Cash,Shipped,25-34,Standard,T-shirt,Yes,Online,05-11-2024,363.3,1,13.68,8.84,36
05f6d86a-9280-44f3-9b2f-7baa983c1e44,Food,North,PayPal,Completed,25-34,Same Day,Chair,Yes,Online,04-11-2024,47.18,9,9.33,42.88,31
c2a6472f-4948-4f31-aabe-e6970221bfdc,Clothing,East,Cash,Shipped,25-34,Express,Laptop,Yes,In-store,03-11-2024,438.44,1,9.35,22.21,46
d352abdf-b94b-435a-86ad-10b6622d651d,Food,West,Cash,Shipped,35-44,Same Day,Chair,Yes,In-store,05-11-2024,357.19,8,10,37.63,20
a287ba06-e3f8-4acd-88b7-acfd15c34288,Toys,West,PayPal,Completed,55+,Express,Food Item,No,In-store,02-11-2024,297.9,1,26.54,19.37,21
f1e6305e-89ce-49ae-9aef-bd2da7eb1aff,Toys,West,PayPal,Completed,45-54,Express,Food Item,Yes,Online,01-11-2024,263.88,7,15.93,34.9,24
e46d345d-88ba-4e5c-ac63-00d33f91a44c,Electronics,North,Credit Card,Pending,18-24,Express,Smartphone,No,Online,03-11-2024,467.23,2,41.97,9.88,40
f5a4ed03-c817-46af-9735-93d1534c9be3,Toys,South,Credit Card,Shipped,35-44,Express,Laptop,No,Online,02-11-2024,358.63,6,9.22,17.88,2
376ec8c8-d6b6-4f3d-9491-017d6bb762b5,Electronics,North,Cash,Shipped,25-34,Standard,T-shirt,Yes,In-store,01-11-2024,43.34,10,24.31,40.68,15
cb331eac-7962-42a5-8619-4d41ed8210b5,Electronics,North,PayPal,Pending,25-34,Express,Laptop,No,In-store,02-11-2024,114.49,2,38.31,46.81,48
15f82476-a5f1-4ee0-b21c-5caedb891a47,Furniture,West,Credit Card,Shipped,25-34,Same Day,Laptop,No,Online,03-11-2024,234.21,7,46.71,14.61,28
7001e7a6-4fe8-4ee3-9b57-c527799e6327,Food,West,Cash,Shipped,25-34,Standard,T-shirt,Yes,Online,05-11-2024,363.3,1,13.68,8.84,36
05f6d86a-9280-44f3-9b2f-7baa983c1e44,Food,North,PayPal,Completed,25-34,Same Day,Chair,Yes,Online,04-11-2024,47.18,9,9.33,42.88,31
c2a6472f-4948-4f31-aabe-e6970221bfdc,Clothing,East,Cash,Shipped,25-34,Express,Laptop,Yes,In-store,03-11-2024,438.44,1,9.35,22.21,46
d352abdf-b94b-435a-86ad-10b6622d651d,Food,West,Cash,Shipped,35-44,Same Day,Chair,Yes,In-store,05-11-2024,357.19,8,10,37.63,20
a287ba06-e3f8-4acd-88b7-acfd15c34288,Toys,West,PayPal,Completed,55+,Express,Food Item,No,In-store,02-11-2024,297.9,1,26.54,19.37,21
f1e6305e-89ce-49ae-9aef-bd2da7eb1aff,Toys,West,PayPal,Completed,45-54,Express,Food Item,Yes,Online,01-11-2024,263.88,7,15.93,34.9,24
e46d345d-88ba-4e5c-ac63-00d33f91a44c,Electronics,North,Credit Card,Pending,18-24,Express,Smartphone,No,Online,03-11-2024,467.23,2,41.97,9.88,40
f5a4ed03-c817-46af-9735-93d1534c9be3,Toys,South,Credit Card,Shipped,35-44,Express,Laptop,No,Online,02-11-2024,358.63,6,9.22,17.88,2
376ec8c8-d6b6-4f3d-9491-017d6bb762b5,Electronics,North,Cash,Shipped,25-34,Standard,T-shirt,Yes,In-store,01-11-2024,43.34,10,24.31,40.68,15
cb331eac-7962-42a5-8619-4d41ed8210b5,Electronics,North,PayPal,Pending,25-34,Express,Laptop,No,In-store,02-11-2024,114.49,2,38.31,46.81,48
15f82476-a5f1-4ee0-b21c-5caedb891a47,Furniture,West,Credit Card,Shipped,25-34,Same Day,Laptop,No,Online,03-11-2024,234.21,7,46.71,14.61,28
7001e7a6-4fe8-4ee3-9b57-c527799e6327,Food,West,Cash,Shipped,25-34,Standard,T-shirt,Yes,Online,05-11-2024,363.3,1,13.68,8.84,
05f6d86a-9280-44f3-9b2f-7baa983c1e44,Food,North,PayPal,Completed,25-34,Same Day,Chair,Yes,Online,04-11-2024,47.18,9,9.33,42.88,
c2a6472f-4948-4f31-aabe-e6970221bfdc,Clothing,East,Cash,Shipped,25-34,Express,Laptop,Yes,In-store,03-11-2024,438.44,1,9.35,22.21,
d352abdf-b94b-435a-86ad-10b6622d651d,Food,West,Cash,Shipped,35-44,Same Day,Chair,Yes,In-store,05-11-2024,357.19,8,10,37.63,
a287ba06-e3f8-4acd-88b7-acfd15c34288,Toys,West,PayPal,Completed,55+,Express,Food Item,No,In-store,02-11-2024,297.9,1,26.54,19.37,
f1e6305e-89ce-49ae-9aef-bd2da7eb1aff,Toys,West,PayPal,Completed,45-54,Express,Food Item,Yes,Online,01-11-2024,263.88,7,15.93,34.9,
e46d345d-88ba-4e5c-ac63-00d33f91a44c,Electronics,North,Credit Card,Pending,18-24,Express,Smartphone,No,Online,03-11-2024,467.23,2,41.97,9.88,
f5a4ed03-c817-46af-9735-93d1534c9be3,Toys,South,Credit Card,Shipped,35-44,Express,Laptop,No,Online,02-11-2024,358.63,6,9.22,17.88,
376ec8c8-d6b6-4f3d-9491-017d6bb762b5,Electronics,North,Cash,Shipped,25-34,Standard,T-shirt,Yes,In-store,01-11-2024,43.34,10,24.31,40.68,
cb331eac-7962-42a5-8619-4d41ed8210b5,Electronics,North,PayPal,Pending,25-34,Express,Laptop,No,In-store,02-11-2024,114.49,2,38.31,46.81,
