Order ID,Product Category,Customer Region,Payment Method,Order Status,Customer Age Group,Shipping Method,Product Type,Discount Applied,Sales Channel,Order Date,Order Total ($),Quantity Ordered,Shipping Cost ($),Discount Value ($),Order Processing Time (hrs)
d7aee9a1-d825-450c-8a7e-f100a65e968c,Clothing,West,Credit Card,Pending,45-54,Standard,Food Item,Yes,Online,2024-11-01,300.3,8,8.76,40.04,15
2546adcf-fa02-4f35-bcc4-d3546f8a3eae,Electronics,South,Credit Card,Shipped,45-54,Standard,Food Item,Yes,In-store,2024-11-03,122.82,6,26.12,10.38,33
ea9ff3e1-10fb-41ba-8566-e71b145972dc,Food,South,Credit Card,Shipped,35-44,Same Day,T-shirt,Yes,Online,2024-11-01,86.42,4,20.19,41.85,29
53f89990-abe7-46bb-b3a2-6c530871448a,Electronics,East,Cash,Completed,18-24,Same Day,Smartphone,No,Online,2024-11-05,452.62,5,13.25,19.74,20
06789bfd-9f6d-49fb-b458-3796842400b3,Clothing,East,PayPal,Completed,55+,Standard,Food Item,No,In-store,2024-11-01,242.46,3,34.73,35.19,41
fc95c4d0-b23a-4346-88c9-7fd6dcab4048,Furniture,North,Credit Card,Pending,35-44,Same Day,T-shirt,Yes,In-store,2024-11-05,350.17,5,37.92,23.31,20
30bd1417-e882-497b-acc5-0a3e1333b793,Food,West,PayPal,Pending,25-34,Same Day,Chair,No,Online,2024-11-03,151.97,1,22.2,9.61,36
2faa3bed-1fc2-4dea-8923-68342d705bec,Clothing,South,Cash,Pending,35-44,Standard,Food Item,No,Online,2024-11-02,273.7,4,6.66,18.91,17
b5a8e7bc-ae72-40ac-ba92-3b48fe407fbc,Furniture,East,Cash,Pending,55+,Express,Smartphone,Yes,In-store,2024-11-05,413.32,9,46.22,21.41,16
128873f4-bf1a-4244-beef-e0ce8785b121,Furniture,West,PayPal,Pending,18-24,Standard,Smartphone,No,In-store,2024-11-05,451.3,3,16.71,45.04,15
feb04055-3bde-403b-9a13-5d071d3f9687,Toys,East,Credit Card,Pending,45-54,Express,Chair,No,Online,2024-11-02,446.8,2,26.72,48.67,47
a33fa5d7-1f3c-4168-8629-b4e42524ad91,Food,West,Credit Card,Shipped,25-34,Standard,T-shirt,Yes,Online,2024-11-05,461.18,5,37.36,21.91,48
08e8e0f1-86ce-4615-8308-ef5f88648352,Electronics,East,PayPal,Shipped,25-34,Standard,T-shirt,Yes,Online,2024-11-05,407.15,3,34.05,41.26,20
396b0d65-8dd9-4a6d-9242-3795a8841298,Toys,West,Cash,Pending,35-44,Standard,T-shirt,No,Online,2024-11-03,195.41,9,33.02,43.02,16
2985a924-a426-42c6-8769-b3cf4f95437a,Clothing,South,PayPal,Completed,55+,Same Day,Food Item,Yes,In-store,2024-11-02,96.94,5,27.71,34.9,38
a6263315-8b71-4223-8210-e34308ba9533,Food,East,Cash,Completed,55+,Express,Laptop,No,In-store,2024-11-01,93.42,5,42.27,37.62,1
ed94dbac-6bf3-428e-823b-5e61f439c855,Food,East,Cash,Shipped,18-24,Express,Food Item,No,In-store,2024-11-05,198.35,2,18.84,2.09,8
8a0637ca-432f-4ddb-8bff-1f4e0739abcf,Food,South,PayPal,Pending,55+,Standard,Food Item,No,Online,2024-11-01,404.35,5,28.48,5.99,30
4ff77202-6e38-40ef-b8ab-aba4e062ff9f,Furniture,East,PayPal,Shipped,45-54,Express,Food Item,No,Online,2024-11-03,397.02,4,37.3,49.42,36
46092703-38fc-4106-a982-e47e1fe73d47,Electronics,North,PayPal,Completed,45-54,Standard,Food Item,No,In-store,2024-11-05,403.65,6,6.64,14.24,41
6ba7930f-aeb2-4738-a710-bf0bd79f6ed0,Food,North,Cash,Pending,35-44,Express,Food Item,No,Online,2024-11-02,287.48,6,14.86,48.96,16
b6a43afb-1974-42bb-a381-1fb2329e9d58,Food,South,Cash,Pending,45-54,Standard,Chair,Yes,In-store,2024-11-01,352.08,1,9.61,12.8,37
e46436ff-8f2c-41a6-b86c-56b5de555633,Clothing,East,Credit Card,Pending,18-24,Express,Food Item,No,Online,2024-11-02,491.55,7,39.75,19.61,34
9ba3ad58-a62f-4806-a29f-5feed6061d24,Toys,North,PayPal,Completed,25-34,Express,T-shirt,Yes,Online,2024-11-02,179.89,8,33.2,13.23,41
3655f8b7-3da5-46d3-baf6-560eb03d8c35,Clothing,East,PayPal,Completed,18-24,Same Day,Food Item,No,Online,2024-11-01,384.41,3,31.84,42.21,15
f0916f3d-1b49-4d1c-88a2-8b59240e3772,Clothing,North,Cash,Pending,18-24,Standard,Laptop,No,Online,2024-11-01,281.87,8,36.81,13.54,41
d566fc6b-c68e-45a1-831f-615af72e550d,Toys,North,Credit Card,Pending,55+,Standard,Chair,No,In-store,2024-11-02,273.44,10,33.65,27.48,25
65a85b8a-04af-43c0-bdd2-afc829f5dd76,Food,East,Credit Card,Pending,45-54,Standard,Laptop,Yes,Online,2024-11-02,102.13,7,21.22,31.33,41
39c7a22e-4d22-4dba-8229-2977033944e2,Food,East,Cash,Completed,25-34,Same Day,T-shirt,No,Online,2024-11-04,168.55,3,28.26,39.55,10
c1517687-5664-4da7-a88a-300dc56777de,Electronics,West,Cash,Shipped,45-54,Express,T-shirt,Yes,In-store,2024-11-02,483.82,6,48.85,35.37,3
3f94703f-78fd-4ec9-837d-faddef5124ae,Clothing,West,PayPal,Shipped,55+,Express,Chair,Yes,In-store,2024-11-02,141.38,7,20.19,14.68,48
a69fca39-367c-4ab4-94d0-76bb720c9664,Food,East,Credit Card,Completed,45-54,Standard,Smartphone,No,Online,2024-11-03,311.2,6,25.71,14.3,24
6b305053-089c-4c6d-9e37-8916b11a6244,Electronics,North,PayPal,Pending,55+,Standard,Smartphone,Yes,In-store,2024-11-05,286.45,1,26.16,29.13,12
ac312baf-44b2-4769-b99b-7e604e1bd38a,Clothing,South,Credit Card,Shipped,35-44,Standard,Smartphone,Yes,In-store,2024-11-04,289.33,9,42.5,16.35,31
475c7a0f-2992-4f29-9427-94f3fb581705,Clothing,North,Cash,Shipped,45-54,Same Day,Food Item,Yes,In-store,2024-11-05,52.93,8,16.4,3.49,30
8e8369df-a70f-42dc-8167-b81e6cb07ab4,Toys,East,Cash,Pending,45-54,Express,Chair,Yes,In-store,2024-11-05,451.44,5,48.64,31.6,13
ad2a1f66-5c49-4250-a59c-320c37b9e1eb,Furniture,East,Credit Card,Shipped,35-44,Same Day,Laptop,No,Online,2024-11-02,489.35,1,31.67,10.56,12
d87575b5-04b1-48a0-ab1b-8a07c850ef20,Electronics,West,Cash,Completed,18-24,Standard,Smartphone,Yes,Online,2024-11-03,436.79,5,16.35,43.23,25
e1be1524-348b-46db-8b51-dd8a74c50a70,Clothing,South,PayPal,Completed,55+,Same Day,Laptop,Yes,In-store,2024-11-03,18.09,7,49.71,27.9,3
75e68c58-042e-40e9-a1b0-2017473d8e79,Clothing,North,Cash,Shipped,35-44,Express,Smartphone,No,Online,2024-11-03,248.49,6,26.04,5.94,17
626e0b7d-23d9-4a91-a044-bcc51f17d20e,Toys,South,Cash,Completed,25-34,Express,Laptop,Yes,In-store,2024-11-01,453.9,9,21.2,38.37,12
a06b75fd-3f65-4fd5-a7e3-ced708bd781f,Food,South,PayPal,Shipped,35-44,Same Day,Food Item,No,In-store,2024-11-04,405.83,2,39.14,27.0,27
1eb1c923-0b6f-423e-abc0-be41f5c60523,Food,South,Credit Card,Shipped,18-24,Standard,Laptop,No,Online,2024-11-03,48.13,4,34.69,22.43,14
e5274c11-6e32-4773-894c-755ba57fdae3,Electronics,East,Credit Card,Completed,35-44,Same Day,T-shirt,No,In-store,2024-11-04,440.32,10,7.31,31.99,2
23acae01-b53d-4a66-bd32-8df579f2ab6a,Food,North,Credit Card,Completed,55+,Same Day,Food Item,Yes,In-store,2024-11-04,152.28,5,24.06,26.31,40
15fc59fe-c687-4da0-add9-435f30bcb87e,Clothing,East,PayPal,Shipped,35-44,Standard,Food Item,No,Online,2024-11-02,237.85,3,31.5,36.59,21
28645530-adca-4c66-a8f4-0a43a20ca39d,Food,West,Cash,Pending,18-24,Standard,Chair,No,Online,2024-11-02,375.29,6,32.33,34.08,11
63ef2014-365a-4010-bce7-889dda16fb88,Food,West,Credit Card,Completed,55+,Standard,T-shirt,No,Online,2024-11-05,215.62,8,6.63,14.69,6
5002a249-4b57-45de-a200-9df09e2b4efd,Food,East,Cash,Pending,35-44,Standard,Smartphone,No,In-store,2024-11-05,114.32,8,12.82,11.37,37
e09b0fe0-0b82-4b2c-9a69-45bffe80819e,Toys,East,PayPal,Pending,18-24,Same Day,Food Item,Yes,In-store,2024-11-02,440.74,9,42.43,28.94,27
41cd27dc-76a1-4fae-9ff2-e63da004d2fd,Clothing,North,PayPal,Shipped,35-44,Express,Food Item,No,Online,2024-11-04,177.51,5,11.8,13.95,41
a04bce56-d3ab-48b3-9b44-22e5ca5de7ec,Electronics,East,Cash,Shipped,18-24,Standard,T-shirt,No,Online,2024-11-02,194.46,3,27.96,34.45,26
66ba19c5-bed8-4052-83dc-0a2e290c24d9,Food,East,PayPal,Shipped,35-44,Same Day,Laptop,Yes,Online,2024-11-01,262.37,5,48.03,13.58,26
a1863d73-4860-40a5-9580-7dd30318d6cc,Electronics,West,Credit Card,Completed,18-24,Same Day,Laptop,Yes,In-store,2024-11-04,16.39,6,5.76,30.76,12
1bde8892-b2a7-4e16-9a95-18893fbe1c34,Food,West,Cash,Pending,25-34,Same Day,Smartphone,Yes,In-store,2024-11-03,486.7,9,38.35,40.79,48
4fe38d6d-ec89-4adc-b92a-aed4cb5f8827,Electronics,North,PayPal,Pending,55+,Standard,T-shirt,Yes,In-store,2024-11-02,96.33,6,47.4,47.39,40
64fd49c6-6212-4655-aa12-9b46f27a1afc,Toys,West,PayPal,Pending,18-24,Standard,Smartphone,Yes,Online,2024-11-05,107.44,1,45.65,18.53,35
91da1957-bf1b-4e19-9c8a-fb81242763eb,Clothing,West,Credit Card,Pending,45-54,Same Day,Smartphone,No,In-store,2024-11-01,148.04,3,40.23,36.24,47
5d7a0822-982d-4970-bf85-a1f70be4f182,Clothing,East,Credit Card,Shipped,55+,Same Day,Laptop,Yes,Online,2024-11-01,121.04,1,25.41,9.95,15
7d8f361a-52af-4205-8305-2eb1a0cff3c8,Toys,East,Cash,Shipped,18-24,Standard,Chair,Yes,In-store,2024-11-03,154.27,10,10.2,32.52,43
7c2aebf2-4dcd-41cb-9e8e-8040f23f5cc2,Food,North,Credit Card,Pending,18-24,Same Day,Smartphone,Yes,In-store,2024-11-04,136.39,3,41.15,37.31,14
0a4f8707-f001-481d-a7a2-0e5e6444915f,Clothing,North,Cash,Completed,55+,Express,T-shirt,Yes,In-store,2024-11-02,339.32,2,36.2,41.39,15
42849b98-ff56-463b-a41e-03d19d9062f2,Furniture,East,PayPal,Completed,25-34,Same Day,Smartphone,No,Online,2024-11-01,54.8,6,22.13,28.34,6
935f92f7-2d45-4477-9c1f-1796cfd85c8f,Furniture,North,PayPal,Pending,25-34,Express,T-shirt,No,In-store,2024-11-03,113.34,5,6.48,39.36,19
fa69147a-9c00-4c45-926f-e7d6b919c2b0,Clothing,South,Cash,Shipped,45-54,Same Day,Food Item,Yes,Online,2024-11-04,277.17,1,49.99,18.89,22
c2a8b86d-c5b5-4b0b-9e6d-5a3edec77f95,Clothing,West,Credit Card,Completed,55+,Express,T-shirt,No,Online,2024-11-05,484.49,9,10.68,45.11,33
eebb2b57-422d-443e-ba98-2edf5295b9cc,Electronics,East,Credit Card,Shipped,25-34,Same Day,Food Item,No,Online,2024-11-02,28.7,9,47.88,2.0,28
218c3929-d0c6-40c1-a349-a3fdd74ccfd6,Clothing,South,PayPal,Completed,45-54,Express,Food Item,No,In-store,2024-11-04,404.22,4,20.93,37.04,32
901a8d68-786b-40e6-b04c-7e53a3e8f2d0,Toys,North,PayPal,Pending,35-44,Standard,T-shirt,No,In-store,2024-11-02,42.4,9,36.1,36.64,29
d8a3aaf6-420a-4439-9e8f-7768f0e05d54,Food,South,PayPal,Shipped,35-44,Express,Chair,No,Online,2024-11-04,436.92,2,13.0,4.8,17
9e896069-c5ea-4557-a33c-872ae43f1f75,Food,North,PayPal,Pending,18-24,Standard,Smartphone,No,In-store,2024-11-03,148.59,8,19.78,38.62,33
37da2dc1-acbc-4cec-8e82-18e8cc20a314,Electronics,North,Cash,Completed,18-24,Express,Chair,Yes,In-store,2024-11-01,239.01,9,39.26,24.51,27
730e0d6c-71ed-47d9-933d-91666c0040e7,Toys,West,Credit Card,Completed,45-54,Standard,T-shirt,Yes,Online,2024-11-04,273.21,7,48.27,36.81,9
02d2e223-94d5-441f-a9ee-e2b4d4104404,Food,East,Cash,Shipped,55+,Standard,Chair,No,In-store,2024-11-02,388.52,2,44.34,19.62,44
5bcd9c80-8f4d-41a9-83a4-ff02ab886801,Clothing,South,Cash,Pending,18-24,Standard,Smartphone,Yes,Online,2024-11-02,233.43,6,26.29,27.64,12
0db70cc1-c2e7-4e5b-97f4-c7f8065ed43f,Food,North,Credit Card,Completed,35-44,Express,Food Item,No,In-store,2024-11-03,40.8,9,23.84,8.89,12
a23f4944-55f2-4939-8868-27d53385a853,Toys,East,Credit Card,Pending,18-24,Same Day,Food Item,Yes,In-store,2024-11-05,188.87,5,8.03,27.79,45
51bb2600-463b-4119-8272-1f03b78d8dc3,Food,South,Credit Card,Completed,55+,Standard,Laptop,No,Online,2024-11-02,213.21,1,16.82,42.55,2
e4ae6bb2-5bec-4f9f-a111-c32da1e8299b,Food,North,Cash,Shipped,25-34,Same Day,T-shirt,Yes,In-store,2024-11-02,433.29,8,27.29,20.36,25
7456f4c1-b255-4538-8adb-daf405dcec60,Furniture,North,Credit Card,Shipped,45-54,Express,T-shirt,Yes,Online,2024-11-02,320.76,3,17.57,31.11,37
f146d79c-91a0-4c88-aab9-807884fea851,Electronics,North,PayPal,Shipped,35-44,Same Day,Laptop,Yes,In-store,2024-11-04,390.18,7,44.43,10.47,11
fc734fa0-54f1-40eb-b2da-65e1aa3d3ff0,Electronics,East,Credit Card,Pending,18-24,Standard,T-shirt,No,Online,2024-11-03,390.08,2,32.23,19.98,10
3fbb0f81-a938-4d61-8e13-b9771dbcf84b,Toys,South,PayPal,Completed,55+,Express,Chair,Yes,Online,2024-11-05,436.74,6,14.49,37.83,35
f3cd9209-c80e-4a04-8893-0f6f0139d2e9,Electronics,West,PayPal,Completed,45-54,Express,T-shirt,No,Online,2024-11-02,71.09,6,7.37,48.78,15
15130603-b4f1-4440-9b9e-c5eb10d13f93,Food,South,PayPal,Completed,25-34,Express,T-shirt,Yes,Online,2024-11-04,256.3,7,26.22,1.74,47
1b6917cd-cb63-418f-a907-1e5ec2307d3c,Clothing,West,PayPal,Shipped,18-24,Express,Food Item,No,Online,2024-11-05,154.09,7,21.1,11.32,41
4bceac81-be76-41ab-b32b-80e626c14b6a,Electronics,East,PayPal,Pending,18-24,Express,Laptop,Yes,Online,2024-11-05,36.1,10,46.3,7.05,36
87b49905-1af2-46d6-84c8-ef1f56fb4c59,Furniture,East,PayPal,Pending,45-54,Express,Laptop,Yes,In-store,2024-11-02,433.88,4,11.95,7.18,47
1f77839f-e42d-43ae-8523-c67df73f649c,Food,North,PayPal,Completed,55+,Express,T-shirt,Yes,Online,2024-11-04,159.35,8,45.21,15.05,18
900d4871-41c7-417c-8df7-be0617dcd049,Food,South,PayPal,Completed,25-34,Express,Food Item,No,In-store,2024-11-03,175.45,7,13.72,15.13,29
c9d9c46d-a8a1-4847-a6b5-2d0a2a7e19f7,Toys,West,Cash,Completed,45-54,Express,Smartphone,Yes,Online,2024-11-02,420.69,10,21.07,31.3,37
1e7f95d6-4b4c-419d-b2bc-f3f75f289723,Electronics,West,Credit Card,Pending,45-54,Express,Food Item,Yes,Online,2024-11-03,273.66,6,36.98,44.43,9
6ad00ee3-72e5-4fdf-ba99-99513dd99161,Furniture,East,Credit Card,Pending,18-24,Standard,Food Item,No,In-store,2024-11-05,158.64,6,34.67,5.82,22
6ff7ca66-9197-4fc2-b0b8-8fe75a12a674,Furniture,West,Credit Card,Pending,45-54,Standard,Chair,No,Online,2024-11-05,106.35,6,38.11,38.14,23
79c31d7c-c250-4295-a6c0-3754630038cd,Clothing,East,Credit Card,Shipped,35-44,Standard,Smartphone,Yes,In-store,2024-11-03,391.6,4,5.02,41.71,25
81a91992-aa80-4ddb-b67c-fc2772174336,Clothing,South,Credit Card,Pending,18-24,Same Day,Laptop,No,Online,2024-11-04,108.3,7,27.68,2.89,44
d03b9bce-62fb-43da-83ba-da09615a8450,Food,North,Credit Card,Shipped,45-54,Express,Chair,Yes,In-store,2024-11-02,83.5,6,18.11,19.55,16
21273bcd-fbfc-41e2-b850-a3af22d5f662,Toys,East,Credit Card,Pending,45-54,Standard,Smartphone,Yes,In-store,2024-11-03,55.24,6,7.65,18.23,41
2595b179-5210-42c4-bf5c-3e9b0d1795cb,Toys,South,Credit Card,Pending,55+,Express,Smartphone,No,Online,2024-11-02,285.08,7,30.84,28.74,15
69a12da2-8e2c-49b3-98cf-dfe986982fae,Toys,West,PayPal,Completed,25-34,Same Day,Chair,No,In-store,2024-11-03,320.1,3,45.08,47.2,8
243f05aa-265b-42f9-b89b-c32cce841ce7,Toys,West,Credit Card,Shipped,25-34,Express,Smartphone,No,In-store,2024-11-02,131.76,9,35.59,38.85,15
91bfb481-dfae-4489-8183-a53dedc62669,Toys,East,Cash,Pending,55+,Express,Smartphone,Yes,In-store,2024-11-01,63.73,2,18.91,24.51,33
cb92ceab-de99-4024-b931-4b375b977b1c,Toys,East,PayPal,Pending,35-44,Standard,Chair,Yes,In-store,2024-11-05,262.58,2,37.79,47.81,36
c4533371-032c-4e6c-8441-d6f10bca6cd3,Clothing,North,Credit Card,Shipped,35-44,Express,T-shirt,Yes,In-store,2024-11-03,208.39,6,35.51,39.3,24
3a9e394e-88ad-4a17-83f8-a09673914a2b,Food,North,PayPal,Shipped,25-34,Same Day,Smartphone,Yes,In-store,2024-11-03,65.55,7,29.93,16.59,12
07f245e1-a61e-4d9c-bbe8-c3a793362576,Electronics,West,Cash,Shipped,55+,Standard,T-shirt,No,Online,2024-11-02,163.37,5,11.06,8.2,8
418d69f4-ba47-4679-87ef-0dd15d60c200,Toys,West,Cash,Pending,18-24,Same Day,T-shirt,No,In-store,2024-11-02,128.27,5,33.05,6.72,8
c31378b1-4242-4a56-8d06-859a18b31756,Furniture,West,Cash,Shipped,35-44,Same Day,Smartphone,No,Online,2024-11-05,197.88,10,37.41,15.07,45
d58ef95c-3bb8-4c2f-bcfe-fba0c3fde10b,Furniture,West,PayPal,Completed,45-54,Express,Chair,No,Online,2024-11-02,453.51,7,5.21,41.45,47
b42effb3-8522-410a-b8aa-047cfef9ec49,Food,East,Cash,Completed,25-34,Express,Chair,Yes,Online,2024-11-04,287.19,3,31.15,21.77,20
b951db15-e751-4dd5-b227-a494ab6e2100,Food,South,Credit Card,Shipped,55+,Express,Laptop,No,In-store,2024-11-04,266.54,2,28.69,49.78,7
9d95321e-ab52-48e2-b9ee-fb97caca0367,Furniture,West,PayPal,Shipped,25-34,Express,Chair,Yes,Online,2024-11-04,325.5,9,17.19,34.15,26
09fd3dc4-0d3f-4373-91ff-1d48092c9ab9,Furniture,North,Cash,Pending,25-34,Express,Smartphone,No,Online,2024-11-05,137.79,2,27.45,3.92,48
7661c1f9-ce12-413e-a144-51fe3892fa20,Food,West,Cash,Completed,35-44,Express,Food Item,No,Online,2024-11-04,234.29,8,32.95,32.92,1
b9869cad-0bb5-4928-8b60-fdb88a7438f5,Clothing,North,Credit Card,Pending,35-44,Standard,T-shirt,No,Online,2024-11-01,22.1,7,33.98,42.52,21
e75bc9cf-9f75-4b01-b682-fd689953acda,Furniture,East,Cash,Shipped,55+,Express,Chair,Yes,In-store,2024-11-01,433.56,10,25.21,36.3,32
d1e9b0b4-143f-4962-ba43-deb35eff11ee,Clothing,East,Credit Card,Shipped,35-44,Express,Food Item,No,In-store,2024-11-03,83.84,2,26.52,25.1,40
ea6f9674-40ea-4653-a2a4-060cf9c03cdd,Electronics,West,Cash,Completed,35-44,Same Day,Food Item,Yes,Online,2024-11-01,291.25,2,40.96,7.38,23
c0a8f60c-d4e4-4a4f-91a9-e02417b22b22,Electronics,West,Cash,Shipped,18-24,Express,Smartphone,No,In-store,2024-11-02,94.7,3,24.26,5.06,7
4d45eb9a-640b-4628-8681-3625d76b2445,Electronics,North,Cash,Shipped,18-24,Express,Chair,Yes,In-store,2024-11-01,322.53,7,17.27,45.2,11
4eaa7439-52d3-495b-8a0d-5250dd08dfb7,Furniture,West,Credit Card,Shipped,25-34,Express,Food Item,No,Online,2024-11-03,241.24,3,39.45,1.39,26
d44d034e-2f39-4e33-931b-3b0692f07804,Food,South,PayPal,Shipped,35-44,Express,Chair,No,Online,2024-11-02,488.45,9,22.91,9.95,45
96f1dc90-8084-4f01-b755-a2a071caaadf,Clothing,East,Credit Card,Shipped,35-44,Standard,T-shirt,No,Online,2024-11-03,455.76,3,32.59,48.67,21
90802157-a488-42dd-81be-af14f56b8859,Clothing,South,Credit Card,Shipped,25-34,Express,Food Item,No,In-store,2024-11-03,348.83,4,41.39,10.56,33
6a211b10-d81c-4427-88ef-68f87ac7eef7,Food,West,Cash,Pending,18-24,Express,T-shirt,Yes,Online,2024-11-03,275.64,5,33.17,46.32,9
cdabc3bc-8d1c-45ab-b294-2ac67daf1304,Toys,South,Credit Card,Completed,45-54,Same Day,Food Item,Yes,Online,2024-11-01,240.99,9,41.2,14.37,25
5cdbb1a6-0af1-49fa-a1d7-c7b63097ab99,Toys,West,PayPal,Completed,35-44,Same Day,T-shirt,No,Online,2024-11-04,34.96,7,14.49,11.43,7
8cbfdfaf-2740-4d20-88b4-14b93b1cc335,Furniture,West,Credit Card,Completed,25-34,Same Day,Food Item,No,In-store,2024-11-01,51.96,5,38.71,41.15,24
e3fd8780-cd45-4ca3-8876-2d48673b91de,Clothing,South,PayPal,Pending,18-24,Express,Laptop,Yes,Online,2024-11-01,323.25,4,35.97,22.74,29
a0fd890b-6e40-41ed-87b6-c9e8a0631eab,Electronics,South,Credit Card,Pending,45-54,Standard,Smartphone,Yes,In-store,2024-11-05,174.92,9,47.06,50.0,22
8c19e57f-29e1-419c-8bb3-6d4b047bcc34,Food,North,Cash,Completed,25-34,Same Day,Smartphone,Yes,In-store,2024-11-04,185.47,3,31.49,24.82,9
04aadf2d-f4ee-4eb2-b17e-21b1b99f3e0b,Furniture,East,PayPal,Pending,18-24,Express,Food Item,No,Online,2024-11-05,409.14,4,19.97,35.85,42
66fab70d-9488-44de-a5c7-8b2d181addc4,Toys,East,Cash,Shipped,45-54,Same Day,Chair,No,In-store,2024-11-04,180.04,7,22.19,39.85,5
ff31c266-032f-40d2-a380-4707b697c9d9,Food,South,PayPal,Completed,45-54,Express,Chair,Yes,In-store,2024-11-05,314.83,9,35.34,5.4,47
ba7ba339-9def-421a-93d4-6e38386e5fe4,Toys,North,Credit Card,Shipped,55+,Standard,Laptop,Yes,Online,2024-11-02,453.47,4,28.82,28.95,40
3fda7ae7-bb44-481c-a3d7-85d73722cc34,Toys,East,PayPal,Completed,45-54,Standard,Chair,Yes,In-store,2024-11-01,119.41,9,20.22,16.17,22
c958f497-832a-4739-9a77-a90b66b63aba,Toys,East,Credit Card,Completed,55+,Express,Chair,Yes,In-store,2024-11-03,144.16,6,28.23,23.3,14
2cc08f7c-0976-4e02-bd4a-c156838604bd,Electronics,East,Cash,Completed,18-24,Same Day,Smartphone,Yes,In-store,2024-11-04,272.54,7,35.29,35.38,2
b2c59621-cfa7-453e-a137-296b828443ac,Clothing,North,Cash,Completed,18-24,Express,Chair,No,In-store,2024-11-01,302.04,10,35.51,37.07,25
da45134e-475a-4504-8253-a370fb275270,Furniture,West,Credit Card,Completed,35-44,Same Day,Food Item,No,Online,2024-11-05,220.38,7,29.41,44.86,31
09a37f6d-30d3-4f8c-9be4-83f79f1318f0,Food,South,PayPal,Pending,18-24,Same Day,T-shirt,No,Online,2024-11-04,83.67,8,42.35,26.02,31
b0756354-6448-4640-95f2-f74d2fcf8e1b,Furniture,East,Credit Card,Pending,35-44,Standard,Smartphone,No,Online,2024-11-02,486.75,9,32.2,16.05,13
80e9b746-5335-4e48-b709-8dca830ca628,Furniture,East,Cash,Completed,45-54,Same Day,Food Item,Yes,Online,2024-11-04,81.14,9,41.72,10.5,43
6045d261-b483-4748-878b-365d67b2d4c2,Furniture,West,Cash,Completed,35-44,Standard,Food Item,Yes,Online,2024-11-02,177.93,8,35.71,20.75,9
41f5f2c7-27f1-41ce-a19c-c55ba2366573,Food,South,PayPal,Pending,35-44,Same Day,Laptop,Yes,In-store,2024-11-05,349.82,2,31.28,20.15,1
5a98effd-8a3c-429e-8770-54fc394c541f,Electronics,West,PayPal,Pending,18-24,Standard,Food Item,No,In-store,2024-11-05,53.26,9,7.5,34.84,9
74d651be-0c86-4351-be64-a73414ea56b1,Food,North,Credit Card,Pending,55+,Standard,T-shirt,No,Online,2024-11-02,462.15,3,18.36,35.3,34
84517ab6-79fc-476e-9fd0-bea392c38f42,Food,North,PayPal,Shipped,18-24,Standard,Laptop,Yes,In-store,2024-11-03,214.51,5,16.43,32.36,23
4a9c534c-7bb3-46a9-bb7b-1314c368ff05,Food,East,Credit Card,Pending,25-34,Express,Food Item,Yes,Online,2024-11-02,488.24,6,11.28,45.71,8
f576756f-ee52-4f50-996d-28e4c6547d0a,Electronics,North,PayPal,Shipped,35-44,Express,Chair,No,In-store,2024-11-03,356.69,4,44.56,28.8,47
86dabc6f-7b48-45d3-aee7-48b00787f72a,Food,South,Cash,Shipped,45-54,Same Day,Chair,Yes,In-store,2024-11-05,253.67,9,32.55,27.99,27
299f5e4c-35be-4940-a54c-7ca2f613de45,Furniture,East,Cash,Shipped,55+,Standard,Laptop,Yes,In-store,2024-11-03,395.68,5,36.09,31.96,38
ff80de83-e303-418d-b8dc-ded0bdc300c6,Clothing,North,PayPal,Shipped,55+,Standard,Smartphone,Yes,Online,2024-11-04,195.42,2,30.77,6.37,30
dd245c7d-2e60-4211-9936-24615e71a65e,Toys,East,PayPal,Shipped,55+,Same Day,Smartphone,Yes,In-store,2024-11-03,173.31,10,5.97,7.5,25
036fdc0e-79ab-4697-8fe2-f7db28b0dd7d,Clothing,West,Credit Card,Pending,55+,Standard,Laptop,No,Online,2024-11-01,205.35,2,14.79,1.51,1
90dec43b-aaf6-476c-bbe5-ee7782c5e4e0,Food,East,Credit Card,Shipped,35-44,Express,T-shirt,Yes,Online,2024-11-02,493.29,3,21.99,44.07,35
9ac84a52-211b-4460-a388-8f517bba3672,Clothing,North,PayPal,Pending,18-24,Same Day,Laptop,Yes,In-store,2024-11-03,473.21,2,37.93,1.73,1
528ac2df-fc41-447a-b7c7-0b04944d6a22,Electronics,East,Cash,Completed,18-24,Same Day,Food Item,Yes,In-store,2024-11-02,372.71,7,12.65,47.18,3
09c2e942-e49c-49a3-b16a-2cfa96573e20,Furniture,North,PayPal,Pending,35-44,Standard,T-shirt,Yes,Online,2024-11-04,235.34,7,29.15,47.92,35
cf3bf4fb-5e0d-44fb-9780-34c307147023,Toys,West,PayPal,Completed,18-24,Standard,T-shirt,Yes,Online,2024-11-02,474.61,9,25.13,18.18,31
6f14ae3b-a282-4a7d-9090-b593a5c00698,Food,East,Credit Card,Completed,45-54,Standard,Smartphone,Yes,In-store,2024-11-02,20.05,5,27.81,34.24,27
81cd58ee-5854-440f-a502-0e98ce20915b,Food,West,Cash,Completed,45-54,Express,Smartphone,No,In-store,2024-11-04,257.09,6,47.26,40.49,33
1dfcd67f-e43d-4847-8d14-5f7ab7d319ee,Furniture,East,PayPal,Completed,25-34,Same Day,T-shirt,Yes,In-store,2024-11-02,337.9,4,38.97,20.12,24
9a1dcba2-6016-4d18-bf78-56bb0b764b80,Food,North,Credit Card,Pending,25-34,Same Day,Chair,Yes,Online,2024-11-05,201.56,3,26.27,18.81,46
e1b0c4b1-1488-4dbc-bccd-bc6d9b6106bc,Toys,West,Credit Card,Completed,25-34,Express,Food Item,Yes,Online,2024-11-02,429.44,5,38.56,16.37,16
f26982c0-2a9f-48b3-87f7-f57d33b987c2,Food,West,Credit Card,Pending,55+,Express,T-shirt,No,Online,2024-11-04,364.91,9,28.03,11.68,5
d17f8ca1-53df-40ba-a1c9-1b1f4ac608af,Furniture,East,Credit Card,Completed,35-44,Standard,T-shirt,No,In-store,2024-11-04,41.71,9,19.24,34.28,45
fa882f12-f3f7-4e79-bd8e-51f19e521cbe,Electronics,North,Cash,Completed,35-44,Same Day,Food Item,Yes,In-store,2024-11-02,55.36,10,25.02,42.83,48
bcd77292-7026-4d9e-87ec-c19e40e20a13,Electronics,East,PayPal,Shipped,45-54,Standard,Food Item,No,In-store,2024-11-05,358.64,4,15.38,45.86,10
1f2d5e40-229d-4b43-9f2a-0af222475964,Clothing,West,Credit Card,Pending,35-44,Express,T-shirt,Yes,In-store,2024-11-04,127.23,1,20.69,15.21,20
d703d42f-7d0d-4689-8d6d-488fd2c5b954,Electronics,West,Cash,Completed,35-44,Same Day,Food Item,Yes,Online,2024-11-05,442.77,2,27.72,8.1,11
aeb4fa07-3b22-444a-b7d7-76c6ae39c4cd,Clothing,South,Cash,Completed,45-54,Same Day,T-shirt,Yes,Online,2024-11-01,287.17,10,30.32,37.52,42
9251d785-9581-455d-bd42-233529fba148,Toys,South,Credit Card,Completed,45-54,Standard,T-shirt,Yes,Online,2024-11-05,31.77,4,10.46,47.98,8
87b7d40a-c4a5-4acb-b7a9-1646971a277d,Clothing,East,PayPal,Pending,25-34,Standard,Food Item,Yes,In-store,2024-11-01,96.0,4,18.84,37.0,20
2d214010-83f6-4464-94e4-d6a091b774c6,Furniture,North,PayPal,Pending,18-24,Express,Food Item,No,Online,2024-11-01,262.51,3,26.76,22.22,43
0863d3dc-ff8c-42c5-9b03-ef23a90859ca,Toys,East,Credit Card,Shipped,45-54,Same Day,Smartphone,Yes,Online,2024-11-05,143.23,7,44.07,42.85,13
7882e3ea-c24d-452b-b8dd-b257c2485db0,Electronics,West,Credit Card,Shipped,45-54,Express,Smartphone,Yes,In-store,2024-11-05,304.62,9,16.46,43.44,45
c6bbb445-7cbc-4795-9118-b25a5981819a,Furniture,South,Credit Card,Completed,18-24,Express,Food Item,Yes,In-store,2024-11-04,368.59,6,8.91,48.82,6
7af5604b-3293-41c3-9c21-57ca84d9e668,Toys,North,Cash,Completed,18-24,Standard,Smartphone,Yes,Online,2024-11-01,170.36,7,35.33,29.38,39
e711505a-eabe-4a5b-b90a-20e40e0daa5b,Toys,North,PayPal,Shipped,35-44,Same Day,T-shirt,No,Online,2024-11-01,427.11,6,22.1,15.91,38
2856d92b-1c4d-453c-9b34-b56f2c3b8cec,Electronics,South,Cash,Completed,18-24,Express,Smartphone,No,Online,2024-11-01,224.77,6,18.24,4.1,45
80db29ba-d9f2-4f61-9744-cedf07007bfb,Toys,North,Credit Card,Completed,18-24,Standard,Laptop,Yes,In-store,2024-11-02,74.92,7,26.56,9.42,35
860d0d7a-47e6-4936-a39b-348b97a6f604,Food,North,Credit Card,Shipped,18-24,Same Day,Chair,No,In-store,2024-11-01,144.83,3,27.71,3.84,47
eb995c02-d8b0-4c85-9446-87e232a3ae35,Electronics,South,PayPal,Pending,35-44,Same Day,Smartphone,No,In-store,2024-11-03,176.2,9,40.88,35.55,43
6aeee561-f93c-4469-9207-238827103ba7,Furniture,South,Cash,Completed,18-24,Standard,Laptop,No,Online,2024-11-02,342.97,8,29.21,38.6,23
e98ddfed-a3be-4570-ad00-752ddae00d3a,Furniture,South,PayPal,Completed,45-54,Same Day,Food Item,Yes,In-store,2024-11-05,257.75,1,8.94,18.73,43
dfa9733a-9e59-4dcf-8f5b-2c50647a149a,Furniture,East,Cash,Completed,45-54,Same Day,Food Item,No,In-store,2024-11-05,340.93,3,10.49,3.21,16
085fe0b3-c90c-453c-949f-dd962a35c064,Toys,West,PayPal,Shipped,35-44,Express,Food Item,Yes,Online,2024-11-04,238.1,6,19.7,34.21,14
aca611ed-8dd2-48b5-815d-1132b93c2d65,Food,South,PayPal,Shipped,18-24,Same Day,Chair,No,Online,2024-11-04,305.11,1,24.75,31.28,32
2a55aec0-628a-4e80-9cc7-b1e6c7db3229,Furniture,East,PayPal,Pending,45-54,Express,T-shirt,No,Online,2024-11-05,131.37,9,19.89,17.4,28
db8de699-d72e-4cc4-80c0-668625d037a7,Electronics,East,PayPal,Pending,55+,Standard,Laptop,Yes,Online,2024-11-01,156.18,1,35.44,4.35,42
b7d53b4b-65f5-4c25-a997-c74b110b6e25,Toys,East,Cash,Pending,18-24,Same Day,T-shirt,Yes,Online,2024-11-03,308.9,4,20.21,41.6,14
65a919e7-e2ce-4eb4-89af-73ce3c4bef45,Toys,West,Cash,Completed,25-34,Standard,Food Item,Yes,Online,2024-11-01,458.7,5,11.85,20.68,32
06fcde03-974a-4ac7-a579-fb6bf3726b6a,Clothing,West,Credit Card,Pending,18-24,Standard,Chair,Yes,In-store,2024-11-05,266.12,7,27.96,46.3,43
1145c507-7fc5-4dd8-9b2a-36607e95538e,Food,East,Cash,Shipped,55+,Same Day,Chair,Yes,In-store,2024-11-03,405.91,3,33.25,44.32,38
1a74d001-798e-4423-8aff-c9509fb91635,Electronics,East,Cash,Pending,35-44,Express,Smartphone,Yes,In-store,2024-11-04,390.98,1,5.91,47.72,23
7dcc4416-408b-458e-9ad7-0a947d6ccbd5,Clothing,West,Credit Card,Pending,18-24,Same Day,Laptop,Yes,Online,2024-11-03,403.32,8,21.69,22.99,3
81eaad3b-a26d-42ad-99ef-518c2bfc15a6,Furniture,West,Credit Card,Completed,35-44,Same Day,Laptop,Yes,Online,2024-11-04,494.93,10,9.8,18.55,32
a9363878-85e1-4dff-8cd9-b81fb0895d42,Food,East,Cash,Pending,25-34,Standard,Chair,No,In-store,2024-11-05,494.15,4,10.64,37.89,27
19390122-c2e6-4969-8e74-07ee4720370d,Electronics,East,PayPal,Pending,35-44,Express,Smartphone,Yes,Online,2024-11-01,297.89,4,35.84,3.57,23
c7c3c72f-9b5c-421b-a2a2-e45d6e964906,Electronics,East,Credit Card,Completed,45-54,Express,Laptop,No,Online,2024-11-01,401.93,9,34.16,26.3,7
b7baa2e4-9b39-4a74-8c28-7d7801e5a458,Furniture,West,Cash,Shipped,18-24,Same Day,T-shirt,No,In-store,2024-11-04,384.57,2,22.43,25.56,36
4842465d-553f-4e89-9ecb-a4605fd88220,Food,East,Cash,Shipped,35-44,Express,Food Item,No,Online,2024-11-04,185.16,6,22.3,47.09,22
6a19780f-82ca-498e-9ef7-45c7cf8e319c,Furniture,North,Credit Card,Completed,35-44,Same Day,T-shirt,Yes,In-store,2024-11-02,108.03,5,21.94,33.82,4
88d86a3f-517f-41d0-aa8f-a8f7acf4b4d2,Toys,South,PayPal,Completed,35-44,Express,T-shirt,No,In-store,2024-11-05,485.71,5,46.11,3.54,48
115908b7-34bf-43ee-80e9-65995e4ec28b,Toys,East,Credit Card,Shipped,55+,Same Day,Food Item,No,Online,2024-11-05,201.96,1,10.33,34.56,42
4ecd7305-0166-4f35-9943-62177e93fcf2,Electronics,West,PayPal,Shipped,35-44,Standard,Laptop,Yes,Online,2024-11-03,258.15,1,13.3,6.28,9
3fe3dff4-aed9-4104-942b-f4678cdf8a6d,Electronics,South,PayPal,Pending,35-44,Same Day,T-shirt,No,Online,2024-11-04,295.6,2,28.49,43.23,6
e9377e7e-a985-43f6-a34e-0f47a1845cbc,Food,East,PayPal,Completed,35-44,Same Day,Laptop,No,Online,2024-11-05,259.84,3,30.98,44.88,10
3b4ae23d-ca8f-4dc9-a2b1-d0b6c7fd04c8,Clothing,East,Cash,Pending,18-24,Same Day,Chair,No,Online,2024-11-02,110.62,4,22.68,31.59,7
b31ecfa7-76e7-4db6-b5ce-306541e87909,Electronics,South,Cash,Shipped,35-44,Standard,Laptop,Yes,In-store,2024-11-04,418.77,6,49.28,28.87,8
91a73ec0-2519-4f99-800d-48c8da3d6a2a,Toys,West,Cash,Completed,18-24,Express,T-shirt,No,Online,2024-11-02,197.98,5,14.38,26.62,29
ef439ebd-040b-407b-bece-c403c4ab348c,Furniture,West,Cash,Pending,45-54,Express,Food Item,No,In-store,2024-11-02,97.22,10,33.74,47.66,29
73db56ba-1328-4bb3-8b53-2bdd728010cb,Toys,South,Credit Card,Shipped,18-24,Express,Smartphone,No,Online,2024-11-05,411.31,7,20.21,32.11,28
7be6b471-84b8-45ed-8539-e959d0fd1508,Electronics,South,Cash,Completed,45-54,Standard,Food Item,Yes,In-store,2024-11-05,12.65,5,11.24,23.93,48
561d304e-d493-46ea-b3b5-a3f78e795d4f,Clothing,West,Credit Card,Pending,25-34,Express,T-shirt,Yes,In-store,2024-11-04,179.35,5,26.84,25.49,35
4e8169ef-4a35-468d-b8f7-0819e5070353,Electronics,South,PayPal,Shipped,55+,Same Day,Laptop,Yes,In-store,2024-11-05,269.92,7,39.08,21.27,13
5c1a27d7-4ba6-40dd-b530-a596c12b3aef,Toys,West,Cash,Completed,25-34,Same Day,Laptop,Yes,In-store,2024-11-05,430.73,7,11.39,43.33,44
08a6a886-01b1-412d-a083-da046ffa2ccd,Electronics,South,Cash,Completed,45-54,Express,Smartphone,No,In-store,2024-11-03,453.98,9,35.95,5.09,18
14bd8789-3164-4b00-9ec4-c0ea14b7f51a,Toys,East,PayPal,Shipped,55+,Same Day,Chair,Yes,Online,2024-11-02,34.52,7,34.88,39.74,48
369980d0-dc84-423d-9d3d-beb018e6ffba,Clothing,East,PayPal,Pending,55+,Standard,T-shirt,No,In-store,2024-11-05,267.3,10,24.25,5.18,25
79c13ba8-6138-4479-94b6-2c4989c876be,Furniture,South,Cash,Shipped,45-54,Same Day,Laptop,Yes,Online,2024-11-04,167.76,9,24.52,15.8,29
d3d4a7e0-9c98-4d40-8cbc-3e21c53804fb,Clothing,West,PayPal,Pending,55+,Express,Chair,Yes,In-store,2024-11-02,401.01,10,40.46,30.98,4
49d44cca-e5f9-49a5-a030-3a39be8145d3,Food,North,PayPal,Completed,55+,Standard,Smartphone,No,In-store,2024-11-01,384.9,3,22.71,32.3,14
6514bf91-2cf1-42f2-bde2-facbb42797f2,Electronics,North,PayPal,Shipped,35-44,Express,Laptop,Yes,Online,2024-11-04,19.96,6,14.83,14.86,19
5694cbed-0c59-455e-96f7-eab7c45369d4,Food,North,Cash,Pending,45-54,Express,Food Item,Yes,Online,2024-11-02,319.2,3,19.04,13.3,46
31f8cc95-7f11-456a-81c1-a8c2aa28d449,Clothing,East,Cash,Completed,35-44,Express,Chair,Yes,In-store,2024-11-01,373.83,8,10.94,47.33,28
8fd56dcc-563b-49ba-9e33-c567b039e737,Clothing,West,Cash,Pending,35-44,Same Day,Chair,No,In-store,2024-11-02,144.93,9,31.91,33.42,43
79ebcdcc-61d2-48c9-8109-e2d8e649f835,Food,East,Credit Card,Shipped,45-54,Standard,T-shirt,Yes,In-store,2024-11-01,363.46,3,31.89,28.63,21
4eae28a1-f37a-4e0d-9134-912cfa6e5759,Food,North,Cash,Shipped,35-44,Standard,Food Item,Yes,Online,2024-11-01,32.6,6,5.31,8.98,34
64184b79-8eb8-4af9-a9d8-41608bbec33f,Food,East,Credit Card,Pending,18-24,Standard,Smartphone,Yes,In-store,2024-11-05,145.83,5,33.89,32.64,39
57094dda-d841-439e-80f0-f61db03f97d4,Electronics,East,Credit Card,Pending,25-34,Standard,Laptop,Yes,In-store,2024-11-01,70.99,2,19.65,46.18,16
54a6a01b-3b84-4f00-a469-be170ac15d3d,Clothing,South,Credit Card,Pending,55+,Same Day,Chair,Yes,Online,2024-11-04,280.5,5,35.36,41.35,25
dfca2df1-5796-4898-b395-94d65903e02f,Clothing,East,PayPal,Completed,45-54,Same Day,Chair,Yes,Online,2024-11-03,400.64,6,42.0,26.11,27
14c7046d-7250-4473-b971-0b543bba3506,Furniture,North,Credit Card,Pending,25-34,Standard,Laptop,No,In-store,2024-11-04,162.5,3,37.22,2.26,33
3599b989-c8ce-4866-9caa-37dbfebeabcc,Electronics,West,Cash,Pending,55+,Standard,Smartphone,No,In-store,2024-11-04,264.97,5,43.01,31.43,36
6be7bf2d-ea21-47b0-b974-02d97501d30d,Furniture,South,PayPal,Shipped,35-44,Same Day,Smartphone,Yes,In-store,2024-11-04,358.37,4,40.23,41.71,1
cd7aaabe-49c2-4410-ace7-0374950932c2,Toys,East,Credit Card,Completed,45-54,Same Day,Food Item,Yes,In-store,2024-11-05,476.44,3,44.87,25.98,8
516b2724-ac40-4e22-8e90-d5a7f514f2bb,Electronics,East,PayPal,Shipped,45-54,Express,Food Item,Yes,In-store,2024-11-02,213.25,7,16.8,34.52,14
d3a84264-422a-42c7-a112-b5482100ca48,Toys,South,Credit Card,Shipped,45-54,Standard,Smartphone,Yes,In-store,2024-11-01,213.72,2,39.01,17.22,12
632e6070-3756-4e1b-a0df-83204d309939,Clothing,South,PayPal,Pending,25-34,Standard,T-shirt,No,In-store,2024-11-03,145.25,5,40.79,26.67,9
56ecbbd4-1107-46d0-ac50-2d595ece423c,Food,East,Credit Card,Shipped,25-34,Same Day,Laptop,No,In-store,2024-11-02,359.41,3,18.08,16.22,22
f0f4c48a-5c8c-4114-be5a-c09260a1541a,Furniture,North,Credit Card,Shipped,35-44,Express,Smartphone,Yes,In-store,2024-11-02,362.62,2,23.4,6.26,22
6b6c085b-0d61-43fc-b85f-71b2158b99fb,Furniture,West,Credit Card,Completed,55+,Express,Chair,No,In-store,2024-11-05,363.61,1,14.37,42.33,36
429f14d2-249b-4c6a-9d8e-a9477a3485af,Toys,South,Credit Card,Completed,35-44,Same Day,Laptop,Yes,In-store,2024-11-03,468.82,3,32.13,14.35,27
12f3839e-8c69-462e-9fa0-f5ef06c757e0,Toys,West,Credit Card,Shipped,55+,Same Day,Chair,Yes,Online,2024-11-04,308.4,5,38.55,13.33,12
934c4234-c5d5-4aed-8114-43d91cf40a79,Food,West,PayPal,Completed,45-54,Express,Food Item,No,Online,2024-11-05,108.54,3,48.46,0.06,2
e60f6c66-cc02-4a1e-ac66-8f78b637bdde,Food,East,PayPal,Shipped,45-54,Express,T-shirt,Yes,Online,2024-11-03,302.79,8,14.31,38.14,7
b9497f34-5ae8-4fef-8141-1872c0967b30,Furniture,North,Cash,Pending,18-24,Same Day,Chair,Yes,In-store,2024-11-05,155.89,10,28.52,35.12,18
7174afe4-d819-4fcf-b669-52c7aaf37abd,Clothing,North,Credit Card,Shipped,45-54,Standard,Smartphone,Yes,Online,2024-11-03,459.5,9,43.56,25.88,6
1fff7d84-b103-4633-a452-6f416fb512e3,Food,South,Cash,Completed,25-34,Same Day,Food Item,Yes,In-store,2024-11-05,82.84,3,44.39,38.43,8
7ef761e5-61a7-49c3-ab76-0ac09a101af2,Furniture,South,Cash,Pending,55+,Standard,Laptop,No,In-store,2024-11-03,16.32,6,16.84,19.07,1
b8511031-41f3-4100-a560-4faabe6e658e,Electronics,West,Credit Card,Completed,35-44,Standard,Chair,Yes,Online,2024-11-05,487.42,4,49.27,13.77,30
4131309b-ec79-4df0-a8cd-9018ccb92d12,Food,West,PayPal,Pending,18-24,Express,Food Item,No,In-store,2024-11-03,390.1,8,23.12,32.82,12
0b58a1fb-e498-4820-9b7d-9fc962d7fbad,Toys,South,PayPal,Pending,18-24,Standard,Food Item,No,In-store,2024-11-04,69.9,10,27.29,33.38,29
7ebeaa00-9401-4919-a15e-e08527eff7f6,Food,North,Credit Card,Pending,18-24,Express,Chair,Yes,In-store,2024-11-04,411.02,1,21.28,49.42,22
29f31253-251a-4471-938f-640d5a5441aa,Clothing,South,Credit Card,Shipped,45-54,Express,Chair,No,In-store,2024-11-03,421.12,9,17.8,40.77,19
77078615-6b52-48b5-897b-6fa399418002,Food,East,Cash,Completed,35-44,Express,Laptop,Yes,Online,2024-11-03,76.89,2,25.02,15.79,47
2d285485-c490-41c9-a6a2-8b1af56b601c,Furniture,South,PayPal,Completed,35-44,Standard,Smartphone,No,Online,2024-11-04,476.83,7,18.59,39.84,27
793fa697-74fa-4101-b05d-a40b9a64d3b2,Toys,South,PayPal,Pending,35-44,Express,Chair,Yes,Online,2024-11-05,155.05,1,14.84,43.69,32
9583f692-85f6-4040-a714-9caed2bcc3a8,Clothing,South,Cash,Completed,18-24,Standard,Smartphone,Yes,Online,2024-11-03,85.37,9,37.32,33.21,24
675d272a-8cac-4c6c-ac03-7d0be5c36d83,Clothing,East,PayPal,Completed,55+,Express,Laptop,Yes,Online,2024-11-03,260.22,7,34.92,41.01,1
d906012a-6577-49fe-8ea1-1c5478dcdd01,Food,North,PayPal,Shipped,25-34,Express,T-shirt,Yes,Online,2024-11-03,227.94,1,21.83,2.75,23
942c19ab-f2c3-457c-9503-e386a30c3329,Clothing,North,PayPal,Pending,25-34,Same Day,Laptop,No,In-store,2024-11-02,153.18,6,38.87,7.74,41
1c3a12a1-82c3-4b63-bd1d-c4d5801e53ac,Furniture,South,Cash,Completed,18-24,Express,Chair,No,Online,2024-11-05,491.59,5,39.37,27.42,31
bfa44bf3-c933-466a-aff4-f2cbc043e266,Toys,North,PayPal,Completed,25-34,Standard,Chair,No,Online,2024-11-03,458.03,8,13.36,32.99,29
78b7efbd-85ca-477d-ab37-3fe734151451,Clothing,East,Cash,Pending,25-34,Standard,Smartphone,No,In-store,2024-11-02,229.56,5,21.76,49.2,16
82fd0ce3-ed17-4b11-9b2c-67163db0098c,Food,East,Credit Card,Shipped,45-54,Same Day,Chair,Yes,Online,2024-11-02,269.79,1,11.33,30.04,40
06537f30-7c3f-46bb-bb13-ad05a8ba5ef7,Food,East,PayPal,Completed,55+,Same Day,Smartphone,No,Online,2024-11-03,120.28,3,46.9,18.81,35
aeb032f3-27c6-4fa5-9259-257b751f9be0,Furniture,North,PayPal,Completed,25-34,Same Day,Smartphone,No,Online,2024-11-05,186.63,7,8.41,13.94,36
2618193f-871e-46a4-845e-df85c5d917cf,Toys,North,Cash,Pending,35-44,Express,T-shirt,Yes,In-store,2024-11-01,253.24,5,47.59,38.22,8
7c9ad69f-03e7-463d-be82-8d44ab6f5fe1,Electronics,North,PayPal,Pending,35-44,Standard,Food Item,Yes,In-store,2024-11-01,33.06,9,35.06,47.1,24
a051cf59-71b0-4a42-9d1f-a3ff2e7c6454,Furniture,East,Credit Card,Completed,45-54,Standard,Laptop,No,In-store,2024-11-05,143.35,10,18.14,24.61,46
da091ac0-3e7d-4a67-b3f8-238a4d11de3b,Electronics,South,Cash,Pending,18-24,Same Day,Food Item,Yes,In-store,2024-11-05,411.02,5,31.13,19.59,33
193d293a-283f-404d-8b8b-72ed269542d8,Toys,West,Cash,Completed,45-54,Same Day,Food Item,Yes,In-store,2024-11-05,106.41,7,30.89,21.51,4
47b35da8-3956-485f-b1d9-076bfbea2e5c,Toys,South,Cash,Completed,35-44,Standard,Smartphone,No,Online,2024-11-04,102.01,1,43.16,41.64,15
fd2711df-df1c-4268-b4ce-4d5d10b65fdf,Furniture,East,Credit Card,Pending,35-44,Express,Food Item,Yes,In-store,2024-11-05,189.73,6,22.88,9.34,17
c033e39f-0aaa-41b2-b61d-1f252d026d5f,Furniture,South,Cash,Pending,18-24,Express,Food Item,No,Online,2024-11-01,21.06,3,18.2,12.18,28
c37dbf2b-1a8a-46ec-b9cf-a89d67b4573a,Electronics,North,Credit Card,Completed,18-24,Standard,T-shirt,No,Online,2024-11-01,317.85,8,24.91,6.19,41
ba847838-4d5e-4a70-9c3c-a81fef951d96,Clothing,West,Credit Card,Shipped,55+,Express,Smartphone,No,Online,2024-11-04,374.76,6,37.59,21.85,27
032b05c6-756f-4261-9cc7-aefababda93b,Clothing,West,Cash,Shipped,45-54,Same Day,Chair,Yes,Online,2024-11-03,433.35,8,17.74,38.87,45
9a1a15d1-fb93-4092-86d9-1f473b6f3dd0,Clothing,North,PayPal,Shipped,25-34,Same Day,T-shirt,Yes,In-store,2024-11-03,236.76,1,20.33,4.16,37
d9e0d2c2-7065-4519-be62-75f3dcce4718,Food,East,Credit Card,Completed,55+,Standard,Food Item,Yes,In-store,2024-11-01,68.13,8,32.18,29.9,17
7c95c15d-3f2d-4160-b095-b8f340316bbd,Toys,West,PayPal,Pending,45-54,Same Day,Food Item,No,Online,2024-11-01,43.51,8,11.82,13.83,24
020b83f5-b1cb-457d-a870-f018b8006348,Food,West,Credit Card,Shipped,18-24,Express,Chair,Yes,Online,2024-11-04,214.51,4,33.04,29.28,36
d8a9f1fd-6c27-406c-b652-181e5a799146,Electronics,West,Cash,Pending,25-34,Standard,Chair,Yes,Online,2024-11-01,307.07,10,46.82,8.62,31
99f0569a-6d19-4a79-b206-17e9e3899ed9,Electronics,North,Cash,Completed,45-54,Same Day,Laptop,No,Online,2024-11-03,240.56,4,42.6,5.12,31
51f8b2c4-b7ae-4157-a6d8-2c2ce60be8aa,Food,South,Credit Card,Pending,18-24,Express,Chair,No,Online,2024-11-01,272.25,2,15.05,24.76,32
4537a1fe-ebba-496f-81b7-05541c29c84c,Furniture,South,Credit Card,Completed,45-54,Express,Laptop,Yes,Online,2024-11-05,159.82,4,45.7,15.86,26
c35e66ce-4774-42ba-8430-31e8e0450466,Electronics,North,Cash,Completed,35-44,Standard,T-shirt,No,In-store,2024-11-01,479.83,7,28.17,47.75,23
7731ee93-a734-4cdd-bce9-b8b7634ca4c6,Clothing,North,Cash,Pending,35-44,Same Day,Smartphone,No,Online,2024-11-01,475.71,5,26.06,19.67,29
9ca71248-a1a6-47fd-8754-465dbc78ac07,Toys,East,PayPal,Pending,25-34,Express,T-shirt,Yes,Online,2024-11-01,420.06,10,17.01,43.06,34
3247c5f2-71ba-4ee8-a9af-c707cdd17487,Furniture,East,Cash,Pending,35-44,Express,Food Item,Yes,In-store,2024-11-02,99.2,9,15.33,11.68,32
12d596ba-da31-4537-91c2-a7ee2862509e,Electronics,East,Cash,Shipped,55+,Same Day,Chair,No,In-store,2024-11-01,227.1,2,21.88,3.3,18
bfa68f42-e699-4c47-b1fc-ccb4dbbdc7b1,Clothing,East,Credit Card,Shipped,18-24,Express,Food Item,Yes,In-store,2024-11-02,219.89,3,27.55,13.62,43
fb99fb3d-64bb-4836-9529-3e91e92044b9,Electronics,North,Credit Card,Pending,55+,Express,Laptop,Yes,Online,2024-11-01,126.3,4,40.22,4.41,12
b24f1c12-68fa-4372-bbff-d16e40167347,Food,West,Credit Card,Completed,25-34,Standard,T-shirt,Yes,In-store,2024-11-03,44.74,6,41.87,7.78,34
03080ef8-2c81-4136-ac04-4be6e48ae76d,Food,East,PayPal,Pending,55+,Same Day,Chair,Yes,In-store,2024-11-02,55.69,1,12.66,5.61,26
9f1491a9-d52a-48d2-9c01-3cdab0fcca76,Clothing,West,Cash,Completed,25-34,Same Day,T-shirt,Yes,In-store,2024-11-01,234.66,4,46.87,25.1,2
2d7fccb9-8ce0-42b7-b6f8-b3f4cc720a07,Clothing,South,Credit Card,Shipped,18-24,Standard,Smartphone,Yes,In-store,2024-11-02,356.38,10,28.04,28.13,46
af818ce4-13d2-4ba9-97ef-fdc6a939bb3c,Toys,South,PayPal,Pending,55+,Same Day,T-shirt,Yes,Online,2024-11-01,482.22,2,46.26,22.48,17
43d5fae8-99b5-4a75-9c06-1b4c26b13851,Electronics,North,Credit Card,Shipped,55+,Express,Laptop,No,Online,2024-11-02,385.37,1,46.25,32.7,34
cad443c1-796a-4ffd-8d86-126de991ad75,Clothing,South,PayPal,Completed,25-34,Same Day,T-shirt,Yes,Online,2024-11-03,144.82,10,12.91,21.96,10
6bdcb88b-5a91-405b-adb2-ed75cd149cfb,Furniture,West,PayPal,Completed,55+,Same Day,Laptop,Yes,In-store,2024-11-05,21.0,8,21.71,26.94,13
70cb74a8-6f31-461c-a458-b56a41b6a720,Electronics,South,Credit Card,Pending,25-34,Standard,Chair,Yes,In-store,2024-11-03,439.83,3,22.36,35.55,33
2fe0b05c-4724-4836-b740-7fe7ac98819b,Electronics,North,PayPal,Pending,55+,Express,Chair,No,Online,2024-11-03,491.1,1,24.07,5.37,48
3424a5a7-d89f-4f32-a030-f14c6b929c7d,Clothing,East,Cash,Completed,45-54,Same Day,Smartphone,No,In-store,2024-11-02,333.25,5,12.39,46.94,1
d3912780-e367-453e-83aa-7c077957cbf1,Electronics,East,Credit Card,Completed,45-54,Express,Chair,No,Online,2024-11-02,314.05,8,19.54,25.33,8
7706ffb5-4dc0-4010-a8a5-ce65d2d6b052,Electronics,East,Cash,Shipped,25-34,Express,T-shirt,Yes,In-store,2024-11-03,289.34,6,19.84,25.48,31
9a5af20b-d44b-46e4-bec9-5a4ae37a463a,Food,West,Credit Card,Completed,35-44,Same Day,Smartphone,Yes,Online,2024-11-02,411.43,2,45.85,32.23,37
28913f54-1a11-4d79-a884-10b8c5dcf18d,Clothing,West,PayPal,Completed,35-44,Same Day,T-shirt,No,Online,2024-11-03,213.84,9,39.38,22.89,40
c28dffe0-f311-4ba6-9545-ceffb8ce5ee2,Furniture,West,Credit Card,Completed,35-44,Express,Food Item,Yes,Online,2024-11-02,153.43,1,32.16,10.17,25
08e34b96-9c6f-498d-b9f0-00bfacd6e4fe,Toys,West,Credit Card,Shipped,35-44,Same Day,Laptop,No,Online,2024-11-01,88.33,2,34.72,38.59,48
34cd6bfb-a384-43f9-bb68-a6d8155e06ca,Electronics,North,PayPal,Pending,35-44,Express,Smartphone,Yes,In-store,2024-11-01,307.34,2,35.83,38.2,13
6917d339-da10-4449-ae82-55ca597e63f2,Electronics,West,PayPal,Shipped,18-24,Express,Food Item,No,In-store,2024-11-01,109.0,1,45.65,6.56,11
d4217a9e-8287-44fd-99a2-7b3959a539c3,Clothing,East,PayPal,Shipped,55+,Express,Smartphone,No,Online,2024-11-05,187.25,5,38.73,9.96,15
67e0ab56-067f-4b71-b23e-849ee4588c11,Furniture,East,Credit Card,Completed,35-44,Same Day,Chair,Yes,In-store,2024-11-03,45.87,4,43.39,4.79,48
d971296b-0a52-4868-951f-d4be34be0ae1,Clothing,West,Credit Card,Pending,35-44,Express,Food Item,Yes,Online,2024-11-01,342.57,3,39.41,24.86,29
68775d8c-b20c-4fb7-92ba-b34d31ce69a7,Electronics,East,Credit Card,Completed,55+,Express,Chair,Yes,Online,2024-11-01,160.56,6,48.23,47.01,22
422a571b-2c2b-43b3-8f56-c9f12a81ade7,Furniture,South,Cash,Completed,55+,Standard,T-shirt,Yes,In-store,2024-11-04,285.9,1,47.05,32.98,23
477e3bab-1a7c-4458-aaf0-dabf2197bfc5,Furniture,North,Cash,Completed,55+,Standard,Chair,No,In-store,2024-11-04,116.34,2,20.24,33.52,31
34e7d7c0-7368-42d8-9e21-58518f663a0b,Furniture,South,PayPal,Shipped,45-54,Same Day,T-shirt,No,In-store,2024-11-03,73.6,1,34.07,39.45,48
47f65dbc-285b-4aba-a255-7fd5840928c2,Electronics,West,Cash,Completed,45-54,Standard,Laptop,No,In-store,2024-11-05,230.41,9,38.31,15.18,11
338cfa9f-0b58-42d7-b1a0-9a25b7162326,Electronics,West,Credit Card,Shipped,45-54,Same Day,Chair,No,In-store,2024-11-03,94.84,10,40.25,40.42,12
bcb37b06-6865-4156-aac1-ffef59fb2ed1,Toys,West,Credit Card,Shipped,45-54,Same Day,Laptop,Yes,Online,2024-11-01,193.34,1,26.25,15.4,14
b6763488-5228-4362-bce7-a336069f25b3,Toys,East,Cash,Shipped,55+,Standard,Laptop,Yes,In-store,2024-11-02,239.94,3,23.37,26.81,26
e1af99b3-66e0-49d0-aa1a-18b7f457315b,Toys,East,Cash,Completed,55+,Standard,Laptop,No,In-store,2024-11-04,119.15,10,37.84,10.6,8
807dcd3e-2b95-4f40-895d-a8f507e4fb7b,Furniture,West,Credit Card,Pending,18-24,Same Day,Smartphone,No,In-store,2024-11-01,74.98,5,48.25,40.5,12
761d7fd1-9996-4214-b085-4af2852f6994,Food,North,Credit Card,Completed,25-34,Express,Food Item,Yes,In-store,2024-11-04,454.01,5,18.31,6.47,6
c5325ca6-8653-45ea-a190-333b70f85c50,Food,West,PayPal,Pending,18-24,Same Day,Food Item,No,In-store,2024-11-01,310.81,9,43.52,11.23,29
a5aeee9b-0818-4aa1-859d-3fdadd01f8f1,Food,South,Credit Card,Shipped,25-34,Same Day,Smartphone,Yes,Online,2024-11-01,324.83,4,10.17,2.62,43
b7944352-278d-4f74-9b35-fed5b1472d26,Clothing,South,Cash,Pending,45-54,Standard,Food Item,Yes,In-store,2024-11-01,42.3,7,25.66,24.51,16
7db526ab-5d30-456d-aa5c-82417b9de3ca,Furniture,South,Credit Card,Completed,25-34,Standard,T-shirt,Yes,In-store,2024-11-02,371.21,4,19.34,23.0,19
fc843a58-27b2-4d4f-b834-eb7f556f033b,Electronics,North,Credit Card,Shipped,35-44,Standard,Smartphone,No,Online,2024-11-04,267.1,7,9.21,40.73,47
d1acda50-95b1-414d-ba18-8aedc4f26e36,Electronics,South,Cash,Pending,35-44,Standard,Smartphone,Yes,In-store,2024-11-02,493.74,2,12.59,1.41,24
7fc757ba-de92-491f-98ef-4646deb9a793,Clothing,East,Cash,Shipped,18-24,Express,T-shirt,Yes,Online,2024-11-04,351.98,6,31.2,11.54,27
637b8e97-36cd-4a7c-8f31-923c9a615d90,Clothing,West,Credit Card,Pending,25-34,Same Day,Smartphone,Yes,Online,2024-11-02,465.38,2,12.98,48.9,2
982525b4-9f62-425b-939e-e75af21e814b,Furniture,West,Cash,Pending,18-24,Express,T-shirt,Yes,Online,2024-11-01,272.94,2,31.51,33.29,15
1e12a3a1-74ad-4109-87bb-d23fb787bc66,Toys,North,Credit Card,Pending,35-44,Standard,T-shirt,No,Online,2024-11-02,260.19,10,35.6,15.93,15
6d7e9456-d29a-4f27-a898-fb7b0b12f05f,Toys,East,PayPal,Pending,55+,Standard,Laptop,Yes,Online,2024-11-04,370.89,6,12.84,43.21,43
c09dd567-04bb-4172-ad5f-ac262b9198bf,Toys,South,PayPal,Completed,25-34,Same Day,Food Item,No,In-store,2024-11-04,216.19,9,44.71,41.69,25
3560380b-a213-4dfd-bd54-d81c40f3e44e,Food,North,PayPal,Shipped,35-44,Same Day,Smartphone,Yes,Online,2024-11-03,162.0,1,40.36,19.51,34
831eae81-01ce-4485-99ba-992e2c9b0da6,Food,West,Credit Card,Completed,25-34,Express,Smartphone,Yes,Online,2024-11-03,44.72,1,49.78,42.35,16
daddae8a-c056-48a1-997d-fc56a0482e2b,Electronics,South,PayPal,Pending,45-54,Standard,Laptop,No,In-store,2024-11-02,16.53,1,15.99,30.4,6
28b6c40d-5510-4f9c-90ed-5d275567e131,Furniture,East,PayPal,Shipped,18-24,Express,Chair,Yes,Online,2024-11-05,290.14,5,37.96,46.64,29
73c32b2e-8320-4711-923f-1c9f9e8e0178,Clothing,North,Credit Card,Shipped,18-24,Express,Chair,No,Online,2024-11-05,168.09,6,5.03,25.89,19
7e022f66-36e4-4f1d-9728-43ead83d2830,Electronics,East,PayPal,Completed,35-44,Standard,Food Item,Yes,In-store,2024-11-01,254.73,10,10.11,33.2,1
a2b06e5e-aea6-4e29-935d-ba22654ed480,Food,North,PayPal,Completed,35-44,Standard,T-shirt,No,In-store,2024-11-02,461.28,1,26.76,36.95,26
828d210b-795a-4a31-9f00-7a974632af96,Furniture,North,Cash,Pending,45-54,Express,Laptop,No,Online,2024-11-03,386.97,1,49.15,37.78,42
4462c54b-3ea1-415c-b117-8940b33635fb,Electronics,South,Cash,Shipped,55+,Standard,Smartphone,No,Online,2024-11-04,109.61,4,7.13,19.28,9
670d24b0-4f95-4188-aff3-f1135b3068ce,Furniture,East,PayPal,Shipped,45-54,Express,Smartphone,Yes,In-store,2024-11-03,177.06,4,21.34,22.56,2
c7d704c3-6691-4741-ac6b-0692c1584caa,Food,North,PayPal,Completed,35-44,Express,Chair,No,Online,2024-11-04,44.52,2,34.05,21.16,4
d461f8ff-d5eb-411a-99c0-21f730474cd3,Food,West,Cash,Pending,18-24,Standard,Chair,No,In-store,2024-11-02,345.63,4,26.3,49.22,37
cede0d48-7397-4fcd-afab-6a3d9e62e37b,Furniture,West,PayPal,Completed,55+,Express,Chair,Yes,Online,2024-11-01,112.83,3,32.4,42.93,41
4345f4ba-ea99-458f-b50a-d8d76ac50acb,Food,North,Credit Card,Pending,45-54,Standard,Laptop,Yes,In-store,2024-11-04,386.49,9,22.12,35.8,2
fec92738-fe89-4378-be68-6fa3ce6706ba,Clothing,East,PayPal,Shipped,45-54,Standard,Food Item,Yes,Online,2024-11-04,328.03,3,9.63,25.73,6
76f3769e-e5dc-4577-9167-1eb0b2a12491,Food,North,Credit Card,Completed,25-34,Express,Food Item,Yes,In-store,2024-11-04,475.61,1,6.13,4.72,28
a3082654-ac21-4e40-9c00-1280f23a0243,Furniture,East,PayPal,Shipped,25-34,Standard,Laptop,Yes,In-store,2024-11-03,65.13,1,29.64,38.8,46
ba1c5020-a87d-4b64-95c9-fd0959b7b749,Clothing,East,Cash,Shipped,35-44,Same Day,Smartphone,No,Online,2024-11-02,471.93,2,29.79,26.64,3
f2258500-70e8-4c4a-9ab0-be95bcbe56d7,Clothing,South,PayPal,Completed,55+,Same Day,Smartphone,No,Online,2024-11-01,53.41,9,16.59,11.46,27
72b25024-972d-46ba-b268-1c2bd3501ee7,Toys,West,PayPal,Shipped,35-44,Standard,T-shirt,No,Online,2024-11-01,225.05,8,43.86,14.26,17
612c16dd-f14d-4af9-8f4b-646b08c39914,Toys,East,Credit Card,Pending,55+,Same Day,Smartphone,No,In-store,2024-11-04,243.69,1,42.99,25.0,20
981b20b2-57eb-4385-ac0c-2c4af728dc1e,Furniture,East,Cash,Shipped,55+,Same Day,Smartphone,No,In-store,2024-11-05,27.9,2,29.52,5.16,9
6da0e1e2-52fb-405f-ba32-bb094d1b86b9,Electronics,South,PayPal,Pending,18-24,Same Day,T-shirt,No,Online,2024-11-01,165.59,8,46.17,35.64,21
0c7570a1-4c59-4be2-b17d-5dfaf7b007cb,Furniture,North,Credit Card,Shipped,18-24,Standard,T-shirt,No,In-store,2024-11-04,458.5,5,8.39,35.05,26
5a57f541-7a70-435f-b3fa-e5e2fd14eecd,Furniture,North,Credit Card,Pending,45-54,Standard,Chair,Yes,Online,2024-11-04,424.31,8,28.56,16.1,12
d46e87ba-f265-41b4-abd1-58c530e12acb,Furniture,North,Credit Card,Completed,55+,Express,Smartphone,No,Online,2024-11-05,301.17,3,41.89,36.39,4
d4f57bf6-0f7f-46f2-97f0-40aebf674cac,Electronics,West,Cash,Shipped,55+,Express,T-shirt,Yes,In-store,2024-11-05,120.03,9,13.13,45.63,36
dfccc6cd-869d-4512-a43f-47d8ec333433,Furniture,South,PayPal,Pending,25-34,Express,Laptop,Yes,Online,2024-11-01,157.73,10,46.3,20.22,20
827dde59-ff95-426d-abdd-5f9d505c1359,Electronics,North,Credit Card,Shipped,18-24,Same Day,Chair,Yes,Online,2024-11-05,297.76,10,5.44,26.7,13
4d7ccdda-be33-4949-bb98-d75fc29b516f,Electronics,West,Cash,Pending,55+,Standard,T-shirt,Yes,Online,2024-11-04,214.86,8,23.16,37.32,22
1d7f6435-7031-47d4-b73f-8a2ce2a12086,Clothing,West,PayPal,Shipped,18-24,Express,Laptop,Yes,Online,2024-11-03,455.55,10,39.91,25.77,42
2bf1e6a0-e12a-4b3b-b085-927d28c7383b,Food,South,PayPal,Completed,35-44,Same Day,T-shirt,No,Online,2024-11-01,98.21,3,21.0,3.03,6
ff9f4f70-df49-4954-a021-76fc9cf0e7c0,Clothing,East,PayPal,Shipped,55+,Standard,T-shirt,No,Online,2024-11-01,74.2,10,33.36,40.29,46
daef53fd-3876-48f4-8e1d-44d237e73412,Electronics,West,Credit Card,Shipped,35-44,Standard,Smartphone,No,In-store,2024-11-04,477.49,10,39.28,44.82,30
dc28ac4c-4de7-4972-829a-dc7efbbcae61,Electronics,North,PayPal,Pending,25-34,Same Day,Smartphone,No,In-store,2024-11-04,207.64,3,10.57,6.97,39
385aa2d0-4896-4bc6-a24c-afa406109fd6,Furniture,South,Credit Card,Shipped,45-54,Same Day,Smartphone,No,In-store,2024-11-02,67.78,7,17.81,44.69,22
95df6b3f-98a2-4ab0-b7af-9cf79ebf6757,Food,North,Cash,Shipped,25-34,Same Day,Chair,Yes,In-store,2024-11-03,196.93,8,9.7,7.46,22
4a0f92ba-6830-4c3f-82f0-0744e1a3e5ff,Toys,North,PayPal,Completed,25-34,Same Day,Chair,No,In-store,2024-11-03,368.31,2,38.51,27.32,48
c0542a02-346b-43c4-b364-459186cf97e0,Furniture,North,PayPal,Pending,25-34,Express,T-shirt,Yes,In-store,2024-11-03,301.97,2,17.54,13.78,36
1ee7763f-e884-4f7e-9ffc-17d0c11a5d5b,Furniture,East,Credit Card,Shipped,45-54,Express,Food Item,No,Online,2024-11-04,300.95,2,48.93,30.13,21
a84eb4ef-7654-43d2-83f6-cddf0440734a,Food,West,PayPal,Pending,18-24,Same Day,Smartphone,No,In-store,2024-11-02,171.14,6,29.28,27.39,43
da6db309-4945-46b8-b7f3-a6c321ceb1ec,Electronics,East,Cash,Completed,55+,Standard,Food Item,Yes,Online,2024-11-05,353.3,7,22.55,20.79,43
ba0ea85b-19dc-49ba-a2d5-be8e66d3f230,Food,East,Credit Card,Shipped,25-34,Standard,Food Item,Yes,In-store,2024-11-02,383.0,7,21.35,29.64,34
306dd5ec-884d-4b69-a666-6c6b10028626,Electronics,North,Cash,Pending,55+,Standard,Chair,No,In-store,2024-11-02,367.99,4,29.52,47.71,6
ae34ba42-8617-4b9f-8040-bc814db0ba06,Electronics,West,PayPal,Shipped,55+,Standard,T-shirt,Yes,In-store,2024-11-01,109.0,6,12.1,44.56,29
c847a1c4-94ec-4967-ba68-738ffa2b7dde,Furniture,East,Cash,Pending,25-34,Express,Chair,Yes,Online,2024-11-05,58.79,1,5.81,6.27,10
421cff76-e6a3-431d-8969-a9bac1c55d9c,Clothing,West,Cash,Completed,18-24,Same Day,Smartphone,Yes,Online,2024-11-02,111.39,7,24.42,45.36,33
3c62e58b-f22b-4424-8b6f-d4fc7c385dd0,Food,North,PayPal,Pending,18-24,Express,T-shirt,Yes,In-store,2024-11-04,435.51,7,45.3,36.7,22
7a006d14-f91d-4f09-857c-108093e844f5,Toys,East,PayPal,Completed,18-24,Standard,Smartphone,Yes,In-store,2024-11-05,78.76,1,45.87,9.07,35
cec2cb02-32f5-4923-9dd9-fe66ef13e97b,Food,South,PayPal,Completed,45-54,Same Day,Chair,No,In-store,2024-11-05,499.26,7,25.25,22.54,35
f812785f-9821-4b84-9bf6-37ffe4e9a969,Food,North,PayPal,Pending,55+,Express,Chair,No,Online,2024-11-05,226.87,8,20.99,8.37,38
9e426211-29a9-45cb-a50b-682cb6f19fca,Food,North,Cash,Pending,25-34,Same Day,Food Item,Yes,Online,2024-11-04,268.7,8,15.69,10.12,37
a1db8fc5-54c3-42c0-a623-703e544ecccc,Clothing,South,Cash,Shipped,18-24,Standard,Laptop,No,In-store,2024-11-03,450.06,9,20.08,19.5,28
f23fcc0c-7bca-4c39-9b89-b8313c29423f,Toys,West,PayPal,Shipped,35-44,Standard,Smartphone,No,In-store,2024-11-02,281.53,4,8.6,27.63,21
a4b5a3cc-0430-4aa7-a2be-99a2070608df,Food,West,Cash,Shipped,35-44,Express,Food Item,No,Online,2024-11-04,431.77,8,21.8,5.35,31
ca901eb1-af80-413d-b1d0-f792329fb8f8,Food,East,Credit Card,Pending,55+,Same Day,Chair,No,In-store,2024-11-03,75.52,6,18.16,38.42,21
5f6a9c78-8007-4eff-9d9c-ba332a6e8f8c,Toys,North,PayPal,Pending,25-34,Same Day,Laptop,Yes,Online,2024-11-05,294.09,9,17.74,4.08,4
8e473a54-9345-4019-bdbf-71842fcaf239,Food,West,Cash,Shipped,55+,Standard,Food Item,Yes,In-store,2024-11-02,416.98,9,30.96,33.21,21
c3afe68a-7390-4be2-8d4f-0ef7ff26461b,Clothing,South,Credit Card,Completed,25-34,Standard,Chair,No,Online,2024-11-01,146.59,7,9.92,48.31,25
df805ce0-0a90-40aa-a1a2-137aad8e6a31,Electronics,West,PayPal,Pending,35-44,Express,Smartphone,Yes,Online,2024-11-03,333.73,4,12.06,9.77,45
e8f74b44-69b8-4a16-8fae-83e095c3e9e6,Food,West,Cash,Shipped,45-54,Standard,Chair,No,In-store,2024-11-01,136.74,5,13.94,28.11,41
704d2b8c-118b-4c46-a27b-43c20e078a16,Food,West,Credit Card,Completed,55+,Same Day,Laptop,Yes,In-store,2024-11-04,143.86,1,40.49,35.92,36
778290f9-66bc-4afb-84bd-07cdbcab2b7a,Clothing,North,Cash,Pending,55+,Same Day,Smartphone,Yes,In-store,2024-11-02,233.26,10,15.42,5.26,35
15c3332a-eada-483e-8c5a-e235e8bf384b,Electronics,North,PayPal,Shipped,45-54,Standard,Chair,Yes,In-store,2024-11-03,362.42,9,14.59,4.65,20
1f300eb4-6aac-4bd6-8ff3-ae7690a466d9,Toys,East,Credit Card,Shipped,25-34,Same Day,Chair,Yes,In-store,2024-11-02,86.34,8,16.8,21.88,22
2fe0a308-b4cc-4dd4-bbc6-e9fc61b3bb03,Electronics,West,PayPal,Completed,18-24,Same Day,T-shirt,No,In-store,2024-11-02,204.43,7,41.87,18.2,13
e47790e2-d9e8-4025-bb21-c1b9a0d5e794,Clothing,South,PayPal,Completed,45-54,Standard,Chair,Yes,In-store,2024-11-01,396.63,1,49.04,5.7,23
ac8b3cb7-7873-4831-9b6a-f8c86ebf29de,Clothing,South,Cash,Completed,18-24,Same Day,Laptop,Yes,In-store,2024-11-03,303.38,6,37.83,9.91,15
7b22baee-229c-40eb-b4be-ebb8e4433e0b,Furniture,West,Credit Card,Shipped,35-44,Same Day,Laptop,No,Online,2024-11-02,230.65,1,36.66,47.39,46
8e0e38f6-f243-4ab9-a3ba-eac53e72ff40,Clothing,East,Credit Card,Shipped,25-34,Express,Laptop,No,In-store,2024-11-05,119.08,7,9.03,35.26,46
4508623e-42d3-47c8-ae8f-56c661f45048,Electronics,North,Credit Card,Completed,55+,Standard,Smartphone,No,In-store,2024-11-01,50.52,2,24.85,25.02,23
92fa3e67-047c-490b-99c3-29f163d12c73,Electronics,North,PayPal,Pending,25-34,Same Day,Chair,Yes,In-store,2024-11-02,95.58,10,40.36,22.11,48
615cd9b9-f5e7-4eb1-9cd5-8a45af65da8e,Food,South,Cash,Completed,18-24,Same Day,Food Item,Yes,In-store,2024-11-01,189.01,1,36.39,44.84,43
38edbd4a-6770-4c24-8178-0c20e11a8556,Electronics,West,Credit Card,Completed,35-44,Standard,Chair,Yes,Online,2024-11-05,142.57,6,17.25,3.56,35
921e9275-5115-428e-a278-477350c00d45,Toys,North,Credit Card,Shipped,35-44,Same Day,T-shirt,No,Online,2024-11-01,28.84,5,5.33,46.85,30
05da48b5-ecbf-4296-8e8e-ae0d75dd6a72,Food,South,Credit Card,Completed,25-34,Same Day,Laptop,No,In-store,2024-11-01,223.58,5,7.26,19.16,21
6d4f7925-c03b-4eb8-ab38-1fdc853e7f72,Food,North,PayPal,Completed,25-34,Same Day,T-shirt,Yes,In-store,2024-11-02,302.41,6,27.46,11.78,30
5dd483d4-d3e8-4c50-b681-86d23e24bace,Furniture,East,Credit Card,Completed,35-44,Same Day,T-shirt,Yes,Online,2024-11-05,42.24,4,32.4,42.44,12
a3eccc11-083f-42eb-a69e-7777d8d326d7,Furniture,South,Cash,Shipped,55+,Same Day,Chair,Yes,In-store,2024-11-02,331.14,5,21.97,26.34,31
63fb032b-d45c-4c8a-be54-125de6fa3572,Food,East,Credit Card,Shipped,25-34,Express,Food Item,Yes,In-store,2024-11-03,487.06,6,47.84,33.46,26
f18ee108-4df3-464d-b839-85698cf07382,Clothing,East,Cash,Completed,18-24,Standard,T-shirt,Yes,Online,2024-11-05,247.51,10,20.25,45.54,2
4e9edb6d-351f-4712-b754-a2d1a0a11b21,Clothing,East,Cash,Shipped,55+,Same Day,Chair,Yes,Online,2024-11-05,293.36,5,22.5,30.89,33
ec8e767a-441f-4088-9b53-2ed3247a3681,Furniture,West,Credit Card,Completed,55+,Express,Food Item,Yes,In-store,2024-11-05,287.32,2,11.81,34.42,16
0775c471-30e8-41ea-93ef-f80c7af1da4e,Clothing,West,Cash,Pending,35-44,Express,Food Item,Yes,Online,2024-11-04,281.23,10,48.53,14.75,48
430b5dd9-e0c3-4061-bc4c-f8c57ea57d81,Food,South,Credit Card,Shipped,55+,Express,Chair,Yes,Online,2024-11-04,488.14,8,22.83,14.91,15
c56773c4-0455-4bcf-b16d-17eb6ba3e902,Furniture,East,Cash,Shipped,35-44,Same Day,Laptop,No,In-store,2024-11-01,459.55,2,22.34,39.31,30
86e55eb2-6b30-499c-a861-76bf0cd777b7,Food,East,Credit Card,Completed,18-24,Express,Laptop,No,In-store,2024-11-01,456.18,6,18.02,13.94,42
7620b4fd-2876-4b91-9d98-6e29d9bb9a98,Toys,South,PayPal,Pending,25-34,Express,Smartphone,Yes,In-store,2024-11-02,367.66,3,26.68,12.25,36
f6b525af-ff20-407c-9a08-530f1e76e37b,Clothing,West,Cash,Completed,55+,Express,T-shirt,No,In-store,2024-11-05,207.53,1,44.63,23.16,26
8ce33b00-d116-4e28-a91b-ec28a4b22356,Food,West,Credit Card,Shipped,25-34,Standard,Chair,Yes,In-store,2024-11-05,400.76,2,6.86,12.13,15
5d01d6b7-1a3a-41a3-9a9a-4683b671674e,Toys,East,Credit Card,Shipped,25-34,Express,T-shirt,No,In-store,2024-11-04,299.01,9,34.67,2.79,29
75cb40a6-7c4c-469e-8838-7b12eabb0a88,Furniture,South,Credit Card,Pending,25-34,Express,Laptop,Yes,Online,2024-11-02,68.53,7,32.47,8.49,41
dd8d9079-f897-4fea-a44f-457c32a5d706,Electronics,North,PayPal,Shipped,45-54,Standard,Food Item,No,In-store,2024-11-01,103.04,6,9.08,7.62,4
29aaad4d-a0e9-49c1-980e-833caf91500f,Toys,West,Cash,Completed,18-24,Standard,Food Item,Yes,In-store,2024-11-03,26.78,5,46.21,22.89,23
9413e0d4-1371-4be9-8adb-749f525fc5ae,Furniture,West,PayPal,Shipped,45-54,Express,Smartphone,No,In-store,2024-11-04,458.05,3,40.67,19.98,6
a475bd45-a240-4101-a50a-9c8172cde9de,Clothing,North,Credit Card,Completed,45-54,Express,Smartphone,Yes,Online,2024-11-01,354.52,9,19.25,38.22,31
a4ef4bb4-4fa0-4b4c-a83d-58a21db6847a,Clothing,West,Credit Card,Pending,18-24,Express,T-shirt,No,Online,2024-11-05,249.54,6,41.73,48.33,7
907fb951-5dfa-475f-b264-265e849a24b8,Electronics,South,Cash,Pending,35-44,Same Day,T-shirt,No,In-store,2024-11-04,66.91,9,15.18,34.05,20
385e467e-818e-4384-bb2e-d8fec073b181,Food,North,PayPal,Shipped,35-44,Express,Smartphone,No,Online,2024-11-04,436.56,3,15.13,18.41,30
542a20c0-ef61-4432-837d-f71c1bdef4ce,Toys,West,Cash,Shipped,55+,Express,Smartphone,No,In-store,2024-11-05,27.4,3,32.62,41.52,13
cd9fb099-746c-42c7-92ed-e93356b73a1a,Toys,South,Cash,Shipped,35-44,Standard,Chair,No,Online,2024-11-04,277.48,4,8.25,4.29,48
fe9edc67-76a5-4d95-a351-f2d8c6561df9,Electronics,North,Credit Card,Completed,45-54,Express,Chair,Yes,In-store,2024-11-05,299.8,9,5.12,46.06,21
4e3d1d08-6fe7-47f1-9e84-b8a3ea7009c4,Food,North,Credit Card,Completed,35-44,Express,T-shirt,Yes,In-store,2024-11-01,296.43,10,9.0,7.06,29
a4d21d58-bb43-45b8-a1de-c3429fb1b799,Electronics,South,PayPal,Pending,18-24,Express,Laptop,Yes,In-store,2024-11-04,39.43,9,24.89,49.63,23
c6e6ffb5-db41-430f-a2c0-286d8dd9396a,Clothing,South,Credit Card,Shipped,25-34,Express,Smartphone,No,Online,2024-11-03,163.55,9,18.71,40.6,19
c01bc775-ce62-492a-8fab-ec2cc89e7c37,Furniture,West,Credit Card,Shipped,35-44,Express,T-shirt,No,Online,2024-11-05,261.38,5,28.57,42.37,27
84ea9b19-1b9e-49ec-8689-6ef60c53b1c0,Toys,South,PayPal,Completed,45-54,Same Day,Chair,Yes,Online,2024-11-03,143.86,3,20.11,18.8,23
4bbc7913-7144-4332-8e9a-c3a00c0558fc,Toys,South,PayPal,Shipped,18-24,Standard,Food Item,No,In-store,2024-11-01,471.98,9,18.12,38.54,8
4fe56709-8559-4c10-b9dd-1ccb6c3f562e,Electronics,West,Cash,Completed,55+,Same Day,T-shirt,No,In-store,2024-11-04,356.52,3,13.39,28.92,36
3110b700-a4c8-4614-958f-e0233c12eb5e,Toys,East,PayPal,Shipped,18-24,Express,Smartphone,Yes,Online,2024-11-04,290.11,7,44.37,42.66,25
d2dd5c88-a2af-4e05-a413-ff435de495ce,Toys,West,Credit Card,Completed,45-54,Standard,Smartphone,No,Online,2024-11-01,43.56,9,11.44,37.25,29
dc31ddb4-0ea5-4401-86ee-7fb681d71af0,Clothing,South,Cash,Shipped,55+,Express,Laptop,Yes,In-store,2024-11-01,49.3,7,19.97,34.81,46
b038ea7d-77cd-4f32-9a00-219fc2abfaff,Electronics,East,PayPal,Pending,25-34,Standard,Laptop,No,In-store,2024-11-03,380.84,1,13.93,18.76,6
4fba4721-90c1-4da4-821c-7cb5afe25fc1,Furniture,East,Cash,Shipped,55+,Standard,Food Item,Yes,In-store,2024-11-01,201.72,3,30.85,0.47,41
c7dedc1c-6131-4bfa-8ecb-f33450a13d66,Food,North,Credit Card,Shipped,45-54,Standard,T-shirt,No,Online,2024-11-04,340.63,4,25.21,29.54,34
8df3a790-384e-4af0-aa41-5a31bd8806d1,Furniture,East,Cash,Pending,45-54,Same Day,Food Item,Yes,Online,2024-11-02,152.41,8,18.76,39.65,31
bfa899fd-0fda-4df1-bfd3-aabfe4320d78,Furniture,North,PayPal,Pending,35-44,Standard,Smartphone,No,In-store,2024-11-03,242.77,10,29.12,35.05,44
15d2b6bc-501f-458d-8753-6df6cde4c2f4,Furniture,East,PayPal,Shipped,45-54,Same Day,Smartphone,No,Online,2024-11-04,110.87,8,7.14,36.86,22
8456daea-ed19-45ae-bbbe-4074b791fcbd,Toys,North,Credit Card,Pending,18-24,Express,Food Item,Yes,Online,2024-11-01,92.37,4,43.05,31.88,8
9a63a9ab-699e-42fa-a612-3838a4b644f1,Furniture,West,PayPal,Pending,35-44,Standard,Chair,No,Online,2024-11-01,440.69,3,39.9,34.63,6
76e91846-d5b7-42ac-94a8-c3d459b7e395,Toys,South,Cash,Shipped,35-44,Standard,T-shirt,No,In-store,2024-11-02,34.58,8,44.41,36.75,11
ec911b99-9e71-4333-aa54-6a221a4e62f0,Electronics,West,PayPal,Pending,35-44,Same Day,Chair,Yes,In-store,2024-11-03,491.42,8,8.81,32.63,17
38e84f61-2a29-42c8-a79c-76334a3737ff,Furniture,West,Cash,Completed,18-24,Standard,Laptop,No,In-store,2024-11-05,499.25,9,38.37,48.36,42
b236cdc7-4a49-4757-b3bf-56495d4a2305,Electronics,South,PayPal,Completed,45-54,Same Day,Smartphone,No,In-store,2024-11-02,456.11,5,48.63,26.67,30
9ce17cde-0ca4-4efb-ba8b-ecf4972a3524,Clothing,South,Credit Card,Shipped,25-34,Standard,Food Item,No,Online,2024-11-01,230.32,10,31.07,14.94,23
0b360b70-c966-40c7-bf14-127e69450883,Food,North,Credit Card,Shipped,45-54,Same Day,Food Item,No,Online,2024-11-01,317.38,9,18.46,46.77,3
0e4d7c83-d122-485c-a58b-f47ae0ccb306,Food,West,PayPal,Shipped,25-34,Standard,Food Item,No,Online,2024-11-03,307.42,7,24.81,38.97,17
f3449991-890d-4921-aa9c-ba59911d6683,Toys,East,PayPal,Shipped,18-24,Express,Smartphone,Yes,In-store,2024-11-05,182.39,5,22.46,14.36,43
c7fc6677-1ebc-4e12-8a0f-b652b9155d45,Toys,West,PayPal,Completed,35-44,Standard,T-shirt,No,In-store,2024-11-05,197.06,5,39.43,37.32,40
36ba4feb-92ff-49a6-8dee-a095add964fa,Furniture,West,PayPal,Completed,55+,Standard,Smartphone,Yes,Online,2024-11-01,449.21,4,11.4,22.01,38
5a953493-719a-4d5c-acb6-39fb5a2f581d,Clothing,South,PayPal,Shipped,35-44,Express,T-shirt,No,In-store,2024-11-04,154.0,4,31.65,7.21,39
6be4cad2-a8bf-4c0a-b15e-c322f3d93353,Clothing,South,Cash,Completed,45-54,Same Day,Laptop,Yes,Online,2024-11-01,104.93,6,42.46,20.56,46
6c7402ca-e0a2-46f9-83ae-1465e8953337,Electronics,West,PayPal,Completed,55+,Express,Laptop,Yes,In-store,2024-11-04,432.53,3,17.04,0.93,15
758adf0f-9457-45a2-ae08-c9ae1ca5310a,Furniture,West,Cash,Completed,35-44,Same Day,Smartphone,No,Online,2024-11-05,28.3,1,46.3,7.13,2
4b1764bf-dc75-4434-a5e4-8c861191db04,Furniture,East,Credit Card,Pending,25-34,Same Day,T-shirt,Yes,In-store,2024-11-03,73.3,7,8.13,0.27,19
3320ad24-16dc-4967-b0d7-893bb1861a70,Electronics,East,Cash,Completed,45-54,Same Day,T-shirt,No,In-store,2024-11-05,288.98,5,5.17,19.18,14
b1ce882d-a216-426c-ac9a-ed3a81ed0b56,Furniture,West,Cash,Shipped,35-44,Same Day,Smartphone,Yes,In-store,2024-11-03,453.92,2,38.83,41.33,10
db5fcf26-e068-4658-8e7f-d7f8389c8ba9,Electronics,East,PayPal,Shipped,35-44,Standard,Laptop,No,In-store,2024-11-03,174.27,10,43.08,37.4,45
0264aa91-8365-4e2d-b2b3-96b91e2a37a1,Toys,West,Cash,Shipped,55+,Standard,Chair,Yes,In-store,2024-11-02,350.26,4,14.32,33.12,20
70334ff4-e707-460d-a7d9-7957635e8fbf,Food,North,Credit Card,Pending,18-24,Express,Laptop,No,Online,2024-11-04,383.55,6,10.11,10.41,32
d945c3de-124e-4dbc-8e43-b0fd26f0d7c5,Toys,East,Credit Card,Completed,25-34,Express,T-shirt,No,In-store,2024-11-04,232.87,5,32.74,42.63,45
0c8c7841-7dd7-43cb-b80c-332ff1423397,Electronics,South,Credit Card,Completed,45-54,Express,T-shirt,No,Online,2024-11-05,469.66,10,19.4,19.65,33
bd283f2e-93ec-4dff-b286-6de96d060069,Toys,South,Cash,Completed,45-54,Standard,Chair,No,Online,2024-11-04,394.71,9,35.93,15.32,44
d2017488-acb6-408d-82e0-c0d97f5fe4d9,Clothing,South,Credit Card,Shipped,25-34,Express,Chair,Yes,In-store,2024-11-05,43.89,4,12.26,38.38,10
6f7f81e8-765b-4a96-9c15-bc7fed0f3a63,Electronics,East,Cash,Pending,18-24,Standard,Chair,Yes,Online,2024-11-05,70.45,4,37.22,2.82,29
c5ccc672-7179-4eed-94d0-425a597e3c85,Food,West,Cash,Pending,45-54,Express,Chair,No,Online,2024-11-05,411.49,1,30.48,22.81,48
709cc123-e5c1-4e9a-999d-4281a520da63,Food,South,Cash,Shipped,18-24,Same Day,T-shirt,Yes,Online,2024-11-03,429.94,2,40.76,20.09,45
25137f1b-95a8-49fe-983d-fd3b3974cada,Furniture,West,Credit Card,Completed,18-24,Same Day,T-shirt,No,In-store,2024-11-04,390.03,9,11.71,19.53,38
720ea829-1d02-4121-b755-56c96d5e6c72,Food,North,Credit Card,Completed,25-34,Express,Laptop,No,Online,2024-11-05,419.03,6,19.18,39.84,35
7b6f5527-2a35-464a-8ee0-0d6eecacc0f8,Toys,North,PayPal,Pending,18-24,Express,Food Item,No,Online,2024-11-03,21.92,3,21.31,5.15,6
f57511e0-e11c-4ecc-b7c1-fadf78fc1e7e,Toys,East,Credit Card,Pending,18-24,Standard,Laptop,No,In-store,2024-11-04,129.45,8,43.29,30.08,44
7e51c51f-3816-40b1-94c9-ed69e7c8166a,Food,North,Credit Card,Completed,18-24,Express,Food Item,No,In-store,2024-11-05,118.3,4,6.22,40.07,6
f1bc367b-184a-4ed4-b98e-78bae8508b49,Furniture,South,Cash,Pending,35-44,Standard,Chair,No,Online,2024-11-03,400.31,3,23.24,45.59,24
8cc75b22-1fc0-4b64-9333-b7b0277ceeda,Electronics,North,Cash,Pending,55+,Standard,Smartphone,Yes,In-store,2024-11-02,357.94,4,6.24,4.24,31
a25881af-2be5-453a-b7a2-25000592eb04,Clothing,East,Cash,Completed,45-54,Express,Laptop,No,In-store,2024-11-04,379.73,3,24.54,3.78,41
83cce13a-af20-4101-8e5e-055ede357e40,Furniture,West,Cash,Shipped,18-24,Same Day,Food Item,No,In-store,2024-11-02,118.68,5,22.42,33.49,37
acdd7289-bec6-4412-b953-9a0b15f7c15a,Toys,North,PayPal,Shipped,18-24,Express,Laptop,Yes,In-store,2024-11-01,454.63,6,22.61,36.78,12
056e026b-7864-4e0d-bb5e-3ef06b0505a0,Electronics,North,PayPal,Pending,55+,Express,Smartphone,No,In-store,2024-11-02,395.42,7,32.76,35.11,7
3aec0a9e-3850-49c3-a08e-140c505ac617,Furniture,East,Credit Card,Pending,55+,Standard,T-shirt,No,In-store,2024-11-02,138.63,4,5.29,0.86,25
